Status,V1,V2,V3,V4,V5,V6,V7,V8,V9,V10,V11,V12,V13,V14,V15,V16,V17,V18,V19,V20,V21,V22,V23,V24,V25,V26,V27,V28,V29,V30,V31,V32,V33,V34,V35,V36,V37,V38,V39,V40,V41,V42,V43,V44,V45,V46,V47,V48,V49,V50,V51,V52,V53,V54,V55,V56,V57,V58,V59,V60,V61,V62,V63,V64,V65,V66,V67,V68,V69,V70,V71,V72,V73,V74,V75,V76,V77,V78,V79,V80,V81,V82,V83,V84,V85,V86,V87,V88,V89,V90,V91,V92,V93,V94,V95,V96,V97,V98,V99,V100,V101,V102,V103,V104,V105,V106,V107,V108,V109,V110,V111,V112,V113,V114,V115,V116,V117,V118,V119,V120,V121,V122,V123,V124,V125,V126,V127,V128,V129,V130,V131,V132,V133,V134,V135,V136,V137,V138,V139,V140,V141,V142,V143,V144,V145,V146,V147,V148,V149,V150,V151,V152,V153,V154,V155,V156,V157,V158,V159,V160,V161,V162,V163,V164,V165,V166,V167,V168,V169,V170,V171,V172,V173,V174,V175,V176,V177,V178,V179,V180,V181,V182,V183,V184,V185,V186,V187,V188,V189,V190,V191,V192,V193,V194,V195,V196,V197,V198,V199,V200,V201,V202,V203,V204,V205,V206,V207,V208,V209,V210,V211,V212,V213,V214,V215,V216,V217,V218,V219,V220,V221,V222,V223,V224,V225,V226,V227,V228,V229,V230,V231,V232,V233,V234,V235,V236,V237,V238,V239,V240,V241,V242,V243,V244,V245,V246,V247,V248,V249,V250,V251,V252,V253,V254,V255,V256,V257,V258,V259,V260
CD,0,0,0,0,5,0,0,2,0,0,0,0,0,0,0,0,0,0,0,0,0,0,0,2,0,0,0,0,0,0,0,0,0,0,0,4,0,0,0,0,0,1,2,0,0,0,0,0,0,0,0,0,22,0,0,0,0,0,0,0,0,0,27,0,0,0,0,7,3,0,0,0,1,0,0,21,93,0,0,0,0,0,0,0,0,0,0,357,0,0,0,0,0,0,0,0,0,0,3,0,0,0,0,0,0,0,2,0,0,0,0,0,0,0,0,0,0,1,0,0,0,0,0,9,0,0,0,0,0,1,1,0,0,0,0,0,0,0,0,0,0,0,0,0,0,0,0,0,0,0,0,0,1,0,0,0,0,0,0,0,0,0,0,0,0,0,0,0,0,0,0,2,0,0,0,0,0,2,0,0,4,32,0,30,0,1,3415,3,0,3067,20,0,0,0,0,0,0,0,0,0,0,0,0,0,0,0,0,0,0,0,0,18,0,0,1,0,0,0,16,0,0,0,0,0,0,36,0,0,0,656,68,0,0,0,0,0,0,0,2,0,91,19,0,4,3793,1,91,0,0,0,0,0,0,0,0,0,0,0,0,0
CD,0,0,0,0,18,0,0,1,0,0,0,0,0,0,4,0,0,0,0,427,0,0,0,3,0,0,0,264,0,1,0,0,0,0,0,2426,0,0,0,0,0,0,0,0,0,0,0,0,0,0,0,0,0,0,0,2,0,0,0,0,0,0,5,0,0,0,3,1,0,0,0,0,0,0,0,0,12,28,0,0,1,0,0,0,1,0,0,360,0,0,0,0,1,0,0,0,0,0,0,0,0,0,0,0,0,0,0,0,0,0,2,0,0,148,3,1003,0,1095,0,0,8,0,0,0,0,0,1164,0,0,0,1,0,0,9,163,0,0,0,0,0,220,0,0,0,0,0,0,0,0,0,0,0,0,11,0,0,0,0,0,0,0,22,0,0,0,0,570,0,0,98,0,1,0,0,0,0,0,4,0,0,0,0,0,1,0,0,353,0,0,0,0,0,0,0,0,0,0,0,0,0,0,0,0,0,0,0,0,0,0,0,0,0,0,0,0,0,0,0,0,0,0,0,0,0,0,0,0,1,0,19,0,2553,0,0,0,0,0,0,5,0,0,0,0,0,0,0,0,0,0,0,0,0,0,0,0,0,0,0,0,0
CD,0,0,0,0,17,0,0,0,0,0,0,0,0,0,0,0,0,0,0,394,0,1,0,2,46,0,0,18,0,4,0,0,0,0,0,1326,18,0,1,0,1,20,2,0,0,0,0,0,4,0,19,0,0,0,0,0,7,0,0,0,0,0,5,0,0,0,0,0,0,0,0,0,0,0,0,0,0,0,0,0,0,0,0,1,0,0,6,454,0,23,0,0,19,0,0,0,0,0,0,0,0,4,1,0,0,3,0,0,0,1,13,0,0,727,215,1032,0,146,40,652,532,0,0,0,0,0,282,0,0,0,0,0,0,5,1045,0,0,0,0,0,52,0,0,451,0,0,3,1,23,0,107,0,2996,50,375,0,0,0,3,0,0,20,1552,0,0,98,85,0,0,4,16,2,2,0,19,1,0,0,0,0,0,0,0,0,0,0,1,0,0,1,0,0,0,0,0,0,0,0,0,0,0,0,0,0,0,0,0,0,0,0,11,0,0,0,0,0,0,5,0,0,0,0,0,0,0,0,0,1,0,6,0,2,0,0,0,0,0,0,2,0,0,0,0,0,0,0,0,0,0,0,0,0,0,0,0,0,0,0,0,0
CD,0,0,0,0,1,0,0,0,0,0,0,0,0,0,0,0,0,0,0,0,0,0,0,0,33,0,0,5,0,0,0,0,0,0,0,3371,0,0,0,0,0,7,1,0,0,0,0,0,1,0,55,0,0,0,0,1,0,0,0,0,0,0,0,0,0,0,0,0,0,1,0,0,0,0,0,0,1,0,0,0,0,0,0,0,0,0,0,9,0,2,0,0,0,0,0,0,0,0,0,0,0,0,17,0,0,0,4,0,0,0,8,0,0,331,1,310,0,344,12,57,140,0,0,0,0,0,308,2,0,0,1,0,0,1,2,0,0,0,8,0,0,0,0,5,0,0,0,0,15,0,0,0,879,11,0,0,0,0,0,0,0,1,0,0,0,0,49,0,0,0,3,0,0,0,0,0,0,0,0,0,0,0,0,0,0,0,170,0,0,0,0,0,0,0,0,0,0,0,0,0,0,0,0,0,0,0,0,0,0,0,0,0,0,0,0,0,0,0,0,0,0,0,0,0,0,0,0,0,0,0,0,89,0,0,0,0,0,0,0,0,0,0,0,0,6,0,0,0,0,0,0,0,0,0,0,0,0,0,0,0
CD,0,0,0,0,1,0,0,0,0,0,0,0,0,0,0,0,0,0,0,12,0,7,0,0,2,0,0,0,0,0,0,6,0,1,0,1604,0,449,152,0,122,5,0,0,8,1325,0,0,2781,0,239,0,0,0,0,0,9,0,0,0,0,0,0,0,0,0,0,0,0,0,0,0,0,0,0,0,0,0,0,0,0,0,0,0,0,0,1,4,11,96,0,2,1,0,0,0,0,0,1,0,0,0,0,0,0,0,0,0,0,0,0,0,0,133,927,642,0,99,120,143,299,2,0,0,0,0,32,0,0,0,0,0,0,137,236,0,0,0,0,0,5,0,0,585,15,0,1,2,39,0,34,0,1579,8,70,0,53,0,8,153,27,67,139,0,0,79,6,0,0,292,8,0,0,0,0,0,0,0,4,0,0,273,0,0,0,0,8,1,6,0,0,0,0,0,0,0,0,0,0,0,0,0,0,0,0,0,0,0,0,5,277,0,0,0,0,0,16,0,0,0,0,0,0,0,0,0,0,0,0,0,0,12,0,0,0,0,0,0,0,0,0,0,0,0,1,0,0,0,0,0,0,0,0,0,0,0,0,0,0,0
CD,0,0,0,0,16,0,0,6,0,0,0,0,0,0,2,0,0,0,0,2185,1,0,0,6,548,0,0,12,0,0,0,0,0,14,0,2410,330,0,5,0,2,139,1,0,0,0,0,125,2,0,4,0,0,0,0,0,0,0,0,0,0,0,6,0,0,0,0,0,1,0,0,0,0,0,0,5,15,120,0,0,317,0,1905,0,1,0,9,568,0,2,2,0,1152,0,0,0,0,0,15,2,0,4,21,0,0,0,0,0,0,0,0,0,0,16,0,561,0,11,0,0,0,10,0,2,0,0,27,0,0,3,0,0,0,33,3,0,0,0,0,1,240,3,0,11,0,0,0,0,0,0,0,0,930,2,6,0,1,0,0,0,0,0,0,0,0,0,17,0,0,1,0,2,59,1,28,0,0,0,0,0,0,2,0,0,95,0,55,0,0,8,0,0,0,0,0,0,0,0,0,0,0,0,0,0,0,0,0,0,0,0,0,0,0,0,0,0,0,0,2,0,0,0,0,0,0,3,0,0,0,0,0,863,0,0,0,0,0,0,0,0,0,0,0,0,136,0,0,0,0,0,0,0,0,0,0,0,0,0,0,0
CD,0,0,0,0,1,0,0,0,0,0,0,0,0,0,0,0,0,0,0,27,0,13,2,0,0,0,0,51,0,3,0,0,0,0,0,2345,0,0,0,0,457,0,0,0,0,0,0,0,0,0,608,0,0,0,0,0,0,0,0,0,0,0,0,0,0,0,0,0,0,0,0,0,0,0,0,0,0,0,0,0,0,0,0,0,0,0,1,31,0,9,0,0,24,0,0,0,0,0,0,0,0,0,1,0,0,0,0,0,0,0,2,0,0,1014,110,549,0,196,31,405,317,7,0,0,0,0,299,0,0,0,0,0,0,1307,393,0,0,0,0,0,436,0,0,555,0,0,0,0,7,0,241,0,4626,123,354,0,56,0,2,194,1,24,593,0,0,36,47,6,0,75,32,0,0,0,0,0,0,0,0,0,0,651,0,0,0,0,3,0,0,0,0,0,0,0,0,0,0,0,0,0,0,0,0,0,0,0,0,0,0,316,0,0,0,0,0,0,0,0,0,0,0,3,0,0,0,1177,2,4,0,6285,6,6,0,2,0,0,0,0,8,0,0,0,0,0,0,0,0,0,0,0,0,0,0,0,0,0,0,0,0,0
CD,0,0,0,0,4,0,0,0,0,0,0,0,0,0,0,0,0,0,0,1683,0,13,0,2,167,0,0,13,0,4,0,6,0,0,1,460,0,0,0,0,2,1,0,0,0,0,0,0,0,0,141,0,0,0,0,0,3,0,0,0,0,0,0,0,0,0,0,0,0,0,0,0,0,0,0,0,0,0,0,0,3,0,0,0,1,0,0,304,0,106,0,0,1,0,0,0,0,0,2,0,0,0,2,0,2,19,0,0,0,1,0,0,0,83,693,1939,0,16,8,209,396,17,0,0,0,0,136,5,0,0,0,0,0,136,27,0,0,0,0,0,81,0,0,524,6,0,0,0,2,0,383,0,1835,2,0,0,5,0,11,33,7,42,430,0,0,28,23,0,0,67,4,0,5,0,0,47,0,0,0,0,0,0,0,0,0,0,2,0,0,0,0,0,0,0,0,0,0,0,0,0,0,0,0,0,0,0,0,0,0,4,0,0,0,0,0,0,0,0,0,0,0,0,0,0,0,0,0,1,0,0,0,7,0,0,0,0,0,0,0,0,0,0,0,0,3,0,0,0,0,0,0,0,0,0,0,0,0,0,0,0
CD,406,0,2,0,21,0,0,0,0,0,0,0,0,0,0,0,0,0,0,713,0,13,0,0,134,0,0,27,0,5,2,0,0,0,0,186,0,0,0,0,4,0,3,0,0,0,0,0,2,0,100,0,0,0,0,0,64,0,0,0,0,0,0,0,0,0,0,8,0,0,0,0,0,0,0,0,0,0,0,0,1,0,0,0,0,0,1,40,13,2282,0,1,14,0,0,0,0,0,0,0,0,3,0,0,5,4,20,2,0,2,73,3,0,499,202,742,0,132,14,316,158,0,0,0,0,0,349,1,0,1,0,0,0,847,214,0,0,0,120,0,149,0,0,939,2,0,1,2,18,8,203,0,1051,0,964,0,29,0,15,1012,14,217,699,0,0,53,460,6,0,26,38,5,14,0,0,8,0,0,0,0,0,2,0,0,0,0,2,0,0,0,0,0,0,0,0,0,0,0,0,0,0,0,0,0,0,0,0,0,0,1,0,0,0,0,0,0,0,2,0,0,0,0,0,0,0,0,0,0,0,0,0,1,0,0,0,0,0,0,0,0,0,0,0,0,0,0,0,0,0,0,0,0,0,0,0,0,0,0,0,162
nonIBD,0,0,0,0,12,6,0,1,0,0,0,0,0,0,0,0,0,0,0,1085,0,8,0,0,416,0,0,199,0,5,0,0,0,0,0,128,0,3,0,0,2,8,0,0,0,0,0,13,0,0,31,0,0,0,0,0,3,0,0,0,0,0,8,0,0,0,0,1,2,0,0,0,0,0,0,3,3,0,0,0,0,0,0,5,0,0,11,730,1,148,0,0,4,0,0,0,0,0,0,0,0,0,3,0,1,0,1,0,0,3,21,1,0,978,126,5056,0,75,8,351,1335,24,41,0,1,0,841,1,0,0,0,0,0,1510,600,0,0,0,0,3,144,0,0,755,0,0,0,0,10,9,1164,0,926,11,3651,0,10,0,11,2195,35,430,2025,0,0,108,135,0,0,57,9,0,6,4,2,0,0,0,0,0,0,0,0,0,0,0,0,0,0,0,0,0,0,0,0,0,0,0,0,0,0,0,0,0,0,0,0,0,0,0,0,0,0,0,0,0,0,0,0,0,0,0,0,0,0,0,0,0,0,0,0,57,0,0,0,0,0,0,0,0,0,0,0,0,0,0,0,0,0,0,0,0,0,0,0,0,0,0,0,0
CD,0,0,0,0,92,0,0,0,0,0,0,0,0,0,3,0,0,0,0,1345,0,0,0,0,0,0,0,0,0,0,0,0,0,0,0,1,0,0,0,0,0,0,0,0,0,0,0,0,0,0,0,0,0,0,0,2,0,3,0,2,0,0,17,0,1,0,0,1,3,1,0,0,3,0,0,1,13,1417,1,0,312,0,295,0,0,1,45,5588,0,0,0,0,37,0,0,0,0,0,0,0,0,0,0,0,0,0,0,0,0,0,0,0,0,0,9,1,0,14,0,0,0,0,0,0,0,0,0,0,0,0,0,0,0,0,0,0,0,0,0,0,37,0,0,0,0,0,0,0,0,0,0,0,0,0,0,0,0,0,0,0,0,0,0,0,0,0,0,2,0,0,0,0,0,0,0,0,0,0,0,0,0,69,0,14,0,0,691,0,0,5,0,0,0,0,0,0,0,0,0,0,0,0,0,0,0,0,0,0,0,0,0,51,0,0,0,0,0,0,0,0,0,0,0,0,0,41,1,194,0,522,0,203,2,0,0,0,0,0,8,0,30,4,0,0,2194,0,0,0,0,0,0,0,0,0,0,0,0,0,0,0
CD,0,0,2,0,18,0,0,3,0,0,0,0,0,0,5,0,0,0,0,8,0,134,0,0,549,0,0,14,0,7,0,0,0,0,0,191,0,0,0,0,1,0,2,0,0,0,0,0,672,21,60,0,0,0,0,0,211,0,0,0,0,0,6,0,0,0,2,0,4,0,0,0,0,0,0,1,7,1,0,0,2,0,0,0,2,0,0,13474,50,680,0,0,0,0,0,0,2,0,0,0,0,0,1,0,4,53,2,0,0,0,25,0,0,1772,31,9165,0,470,119,1310,2010,19,0,0,0,0,867,2,0,0,0,0,0,1529,1823,0,0,0,0,0,49,2,0,2324,7,0,0,4,361,0,632,0,5087,14,8354,0,21,0,14,8286,73,51,926,0,0,49,12,0,0,10,11,1,0,0,0,92,0,0,0,0,0,2,38,0,0,0,11,0,0,0,0,0,5,0,0,0,0,0,0,0,0,0,0,1,0,0,0,0,0,1,0,0,0,0,0,0,4,7,0,0,0,0,0,0,0,0,0,0,0,0,0,1,0,0,0,0,0,0,0,0,3,5,0,0,155,1,0,0,0,0,0,0,0,0,0,0,0,0,0,23
CD,242,0,0,0,5,0,0,0,0,0,0,0,0,0,0,0,0,0,0,0,0,20,0,0,0,0,0,108,0,3,0,0,0,0,0,10359,161,2,0,0,274,66,821,0,0,0,0,0,81,0,1324,0,0,0,0,0,32,0,0,0,0,0,1,0,0,0,0,0,0,0,0,0,0,0,0,0,0,0,0,0,0,0,0,0,0,0,0,5,3,91,0,0,5,0,0,0,0,0,0,0,0,0,0,0,18,20,4,0,0,0,4,0,0,202,39,98,0,540,143,148,203,2,0,0,0,0,222,2,0,0,0,0,2,0,235,0,0,0,3,1,58,49,0,929,2,0,3,0,19,0,67,0,546,11,55,0,1537,0,17,0,22,64,144,0,0,7,3,0,0,31,23,1,25,15,146,1,0,0,0,0,0,0,0,0,1,0,57,0,0,1,0,3,0,0,0,0,0,0,0,0,0,0,0,0,0,0,0,0,0,212,0,2,0,0,0,0,0,0,0,0,0,0,0,0,0,0,0,0,0,0,0,502,0,0,0,0,0,0,0,0,1,0,0,0,8,0,0,0,0,0,0,0,0,0,0,0,0,0,0,0
CD,0,0,0,0,30,0,0,17,0,0,0,0,0,0,8,0,0,0,0,2043,1,0,0,0,0,0,0,0,0,0,0,0,0,0,0,0,0,0,0,0,0,0,0,0,0,0,0,0,0,0,0,0,0,0,0,0,0,0,0,0,0,0,2,0,0,0,0,5224,2,0,0,0,0,0,0,12,18,0,0,0,7,0,64,4,1,0,26,1159,0,0,0,0,0,0,0,0,0,0,0,0,0,0,0,0,0,0,0,0,0,0,0,0,0,0,0,0,0,0,0,0,0,0,0,0,0,0,0,0,0,0,0,0,0,1,0,0,0,0,0,0,0,0,0,0,0,0,0,0,0,0,0,0,0,0,0,0,0,0,0,0,0,0,0,0,0,0,0,0,0,0,0,0,0,0,0,0,0,0,0,0,0,0,0,0,0,0,0,0,0,0,0,0,0,0,0,0,0,0,0,0,0,0,0,0,0,0,0,0,0,0,0,0,0,0,0,0,0,0,0,0,0,0,0,0,0,0,0,0,0,0,0,0,0,0,0,0,0,0,0,0,0,0,0,0,0,0,0,0,0,0,0,0,0,0,0,0,0,0,0,0
CD,0,0,0,0,3,0,0,16,0,0,0,0,0,0,2,0,0,0,0,380,0,0,0,0,531,0,0,52,0,2,0,0,0,0,0,10447,6,811,0,0,183,393,0,0,0,0,0,0,0,0,1904,0,0,0,0,0,0,0,0,0,0,0,4,0,0,0,0,0,1,1,0,0,0,0,0,0,3,6,0,0,0,0,0,0,47,0,0,1290,0,46,0,0,0,0,0,0,0,0,0,0,0,2,0,0,6,0,1,0,0,0,26,0,0,991,246,779,0,1241,381,348,16,0,0,0,0,0,765,2,0,0,0,0,0,64,485,0,0,0,0,0,592,0,0,1099,0,0,1,1,8,0,52,0,3848,218,978,0,469,0,0,0,8,17,486,0,0,31,143,0,0,42,0,0,0,0,0,536,0,0,0,0,0,487,0,6,0,0,50,0,0,0,0,0,0,0,0,0,0,0,0,0,0,0,0,0,0,0,0,0,0,1170,0,0,0,0,0,6,112,0,0,0,0,0,0,0,0,9,0,1,0,43,0,1,0,0,21,0,3,0,0,0,9,0,0,0,97,0,0,0,0,0,0,0,0,0,0,0,0,0,0,0
CD,0,0,0,0,25,0,0,0,0,0,0,0,0,0,1,0,0,0,0,14,0,0,0,14,3,0,0,3,0,0,0,0,0,0,0,1111,0,0,0,0,2,66,4,0,0,0,0,0,0,0,38,0,0,0,2,0,0,0,0,0,0,0,45,0,0,0,0,1,0,0,0,0,3,0,0,5,32,0,0,0,0,0,0,0,0,0,0,215,0,4,0,0,12,0,0,0,0,0,0,0,0,6,0,0,0,0,0,0,0,0,1,0,0,91,1,59,0,181,23,11,24,0,0,2,0,0,75,0,0,4,6,0,0,23,43,0,1,0,0,15,875,1,0,28,1,0,0,1,0,0,1,0,663,7,22,0,6,0,0,1,5,1,146,0,0,7,6,0,0,1,1,5,0,0,0,0,0,0,0,2,0,4,0,3,0,0,60,0,0,1,0,0,0,0,0,0,0,0,0,0,0,0,0,0,0,0,0,0,0,0,577,0,0,0,1,0,3,0,0,0,0,0,0,0,0,0,0,0,0,0,0,789,0,0,0,0,0,0,0,0,36,3,2,6,2584,0,0,0,0,0,0,0,0,0,0,0,0,0,0,22
CD,0,0,0,0,26,0,0,3,0,0,0,0,0,0,0,0,0,0,0,0,0,0,0,1,10,0,0,0,0,0,0,3,0,0,0,2,0,0,0,0,0,6,0,0,0,0,0,0,0,0,0,0,0,0,1,0,0,0,0,0,0,0,84,0,0,0,0,16,0,10,0,0,0,0,0,1,25,27,2,0,48,0,0,0,0,0,1,104,0,0,0,0,0,0,0,0,0,0,0,0,0,15,0,0,0,0,14,0,0,0,0,0,0,6,131,31,0,7,8,0,21,0,0,0,0,0,296,0,0,0,0,0,0,0,422,0,0,0,0,0,0,9,0,0,0,0,0,0,0,0,0,0,0,0,0,0,0,0,0,0,0,0,0,0,0,0,10,0,0,0,0,7,0,0,0,0,0,0,0,0,0,0,0,0,0,0,0,0,0,0,0,0,0,0,0,0,0,0,0,0,0,0,0,0,0,0,0,0,0,0,2,0,0,0,0,0,0,0,0,0,0,0,0,0,0,0,0,0,0,0,0,0,0,0,0,0,0,0,0,0,0,0,0,0,1,0,0,0,0,0,0,0,0,0,0,0,0,0,0,0
CD,0,0,0,0,2,0,0,0,0,0,0,0,0,0,0,0,0,0,0,74,0,20,0,2,0,0,0,210,0,9,0,3,0,20,0,6967,0,0,0,0,0,1,0,0,0,0,0,0,3,661,5,0,0,0,0,0,2,0,0,0,0,0,16,0,0,0,0,1,1,0,0,0,0,0,0,0,6,9,0,0,0,0,0,0,0,0,0,33,2,105,0,32,1,0,0,0,0,0,17,1,0,1,90,0,0,0,1,0,0,0,12,0,0,264,21,575,0,1366,1173,1,36,0,0,0,0,0,601,5,0,0,0,0,0,0,919,0,0,0,291,0,155,13,0,2326,1195,0,0,107,16,0,299,5,557,350,1,0,197,0,60,30,59,116,3,0,0,0,265,0,0,133,0,0,2,0,0,0,0,0,0,0,0,182,0,0,0,0,9,0,0,7,0,0,0,0,0,0,0,0,0,0,0,0,0,0,0,0,0,0,0,0,0,3,0,0,0,0,0,0,0,0,0,0,0,0,0,0,0,0,0,0,0,204,0,0,0,0,0,0,0,0,1,3,0,0,29,3,0,0,0,0,0,0,0,0,0,0,0,0,0,0
CD,0,0,0,0,3,0,0,1,0,0,0,0,0,0,0,0,0,0,0,1752,0,0,0,2,0,0,0,0,0,0,0,0,0,0,0,3704,0,0,0,0,0,0,0,0,0,0,0,0,0,0,0,0,0,0,0,1,0,0,0,0,0,0,6,0,0,0,0,0,0,0,0,0,0,0,0,0,2,5,0,0,87,0,219,0,0,0,0,97,0,1,0,0,1,0,0,0,0,0,0,0,0,0,0,0,0,0,0,0,0,0,1,0,0,3,268,943,0,161,0,0,35,0,0,0,0,0,1070,0,0,0,0,0,0,0,0,0,0,0,0,0,51,0,0,8,0,0,0,0,3,0,0,0,2004,26,0,0,1,0,0,0,0,1,0,0,0,0,129,1,0,69,2,1,0,0,0,0,0,0,0,0,0,1,0,0,0,0,12,0,0,0,0,0,0,0,0,0,0,0,0,0,0,0,0,0,0,0,0,0,0,0,0,0,0,0,0,0,0,0,1,0,0,0,0,0,0,0,0,0,0,0,0,99,0,0,0,0,0,0,0,0,0,0,0,0,0,0,0,0,0,0,0,0,0,0,0,0,0,0,0,0
CD,0,0,0,0,7,0,0,0,0,0,0,0,0,0,1,0,0,0,0,185,0,67,0,1,167,0,0,0,0,0,0,27,0,0,0,3594,2,72,28,0,7,75,0,0,0,0,0,0,1,0,67,0,0,0,0,0,0,0,0,0,0,0,3,0,0,0,0,0,0,0,0,0,0,0,0,2,2,3,0,0,0,0,0,0,0,0,0,748,0,31,0,0,422,0,0,0,0,0,0,0,0,0,0,0,0,0,2,0,0,0,0,0,0,1279,405,571,0,1017,18,789,147,66,0,1,0,0,386,0,0,0,10,0,0,0,1158,0,0,0,0,0,313,0,0,34,0,0,0,0,8,0,5,0,5917,37,1063,0,113,0,0,0,9,0,23,0,0,1,1211,0,0,18,0,0,348,0,0,0,0,3,0,0,0,858,0,1,0,0,40,0,0,0,0,0,0,0,0,0,0,20,0,7,0,0,0,0,0,0,0,0,0,388,1019,0,0,0,0,0,48,28,0,0,0,0,0,0,0,0,0,3,0,0,0,227,0,0,3,0,0,0,0,0,7,26,0,0,924,1,0,0,0,0,0,0,0,0,0,0,0,0,0,0
CD,0,0,0,0,0,0,0,0,0,0,0,0,0,0,0,0,0,0,0,0,0,0,0,0,0,0,0,0,0,0,0,0,0,0,0,0,0,0,0,0,0,0,0,0,0,0,0,0,0,0,1,0,0,0,0,0,0,0,0,0,0,0,0,0,0,0,0,8818,0,4,0,0,0,0,0,0,0,0,0,0,7,0,0,0,0,0,14,185,0,0,0,0,0,0,0,0,0,0,0,0,0,0,0,0,0,0,0,0,0,0,0,0,0,0,0,0,0,0,0,0,0,0,0,0,0,0,0,0,0,0,0,0,0,0,0,0,0,0,0,0,0,0,0,0,0,0,0,0,0,0,0,0,0,0,0,0,0,0,0,0,0,0,0,0,0,0,0,0,0,0,0,0,0,0,0,0,0,0,0,0,0,0,0,0,0,0,0,0,0,0,0,0,0,0,0,0,0,0,0,0,0,0,0,0,0,0,0,0,0,0,0,0,0,0,0,0,0,0,0,0,0,0,0,0,0,0,0,0,0,0,0,0,0,0,0,0,0,0,0,0,0,0,0,0,0,0,0,0,0,0,0,0,0,0,0,0,0,0,0,0
CD,0,0,0,0,39,16,0,3,0,0,0,0,0,0,0,0,29,128,0,1875,2,24,0,0,0,0,0,0,0,0,0,0,0,0,0,13,0,0,0,0,0,7,0,0,0,0,0,0,0,0,1,0,0,0,0,0,0,0,0,0,0,0,11,0,16,0,0,0,0,0,0,0,0,0,0,2,6,373,0,0,1361,0,94,0,0,0,0,3244,0,27,0,0,0,0,0,0,0,0,0,0,0,0,0,0,0,0,2,0,0,0,9,0,2,9,1,71,0,8,0,21,96,12,0,0,0,0,145,0,0,0,0,0,0,3,113,0,0,0,0,0,77,0,0,13,0,0,0,0,0,0,84,0,139,0,2,0,0,0,0,6,0,6,152,0,0,14,15,0,0,0,0,0,0,0,0,0,0,0,0,0,0,4,0,0,0,0,0,0,0,0,0,0,0,0,0,0,0,0,0,0,0,0,0,0,0,0,0,0,0,0,0,0,0,0,0,0,0,0,0,0,0,0,0,0,0,0,0,7,0,2,0,43,0,0,0,0,11,0,0,0,0,0,0,0,0,0,0,0,0,0,0,0,0,0,0,0,0,0,0,26
CD,0,0,1,0,13,0,0,1,0,0,0,0,0,0,0,0,0,0,0,645,1,0,0,0,0,0,0,0,0,0,0,0,0,0,0,2,0,0,0,0,0,0,0,0,0,0,0,0,0,0,0,0,0,0,0,0,1,0,0,4,0,0,6,0,0,0,0,0,6,0,0,0,2,0,0,0,150,3648,16,2,586,0,4,0,0,0,1,3382,0,0,0,0,1,0,0,0,0,0,0,0,0,0,0,0,0,0,0,0,0,0,0,0,0,0,0,0,0,0,0,0,0,0,0,0,0,0,3,0,0,0,0,0,0,0,0,0,0,0,0,0,0,0,0,0,0,0,0,0,0,0,0,0,1,0,0,0,0,0,0,0,0,0,0,0,0,0,120,0,0,0,0,0,0,0,0,0,0,0,0,0,0,0,0,0,0,0,0,0,0,0,0,0,0,0,0,0,0,0,0,0,0,0,0,0,0,0,0,0,0,0,0,0,0,0,0,0,0,0,0,0,0,0,0,0,0,56,0,42,14,251,0,2919,0,0,361,0,0,0,9,0,1,0,0,0,4,27,0,0,0,0,0,0,0,0,0,0,0,0,0,0
CD,0,0,0,0,2,0,0,2,0,0,0,0,0,0,5,0,0,0,0,535,0,2,0,0,0,0,0,42,0,1,0,0,0,0,9,962,0,0,0,0,297,1,0,0,0,0,0,0,0,0,140,0,0,0,0,0,0,0,0,0,0,0,9,0,0,0,0,0,0,1,0,0,0,0,0,1,6,0,0,0,1,0,1,0,0,0,3,479,0,20,0,0,13,0,0,0,0,0,0,0,0,0,0,0,1,2,0,0,0,1,34,0,0,109,29,440,0,143,54,101,129,0,0,0,0,0,151,2,0,0,0,0,0,198,232,0,0,0,0,1,526,1,0,107,0,0,0,2,16,0,43,0,4345,24,3,0,4,0,1,577,1,31,52,0,0,3,11,4,0,14,13,0,162,0,0,0,0,0,0,0,0,1769,0,0,0,0,38,0,0,0,0,0,0,0,0,0,0,0,0,0,0,0,0,0,0,0,0,0,0,0,2,0,0,0,0,0,7,0,0,0,0,0,0,0,0,0,0,0,0,6,0,245,0,0,0,0,0,0,0,0,1,0,0,0,70,0,0,0,0,0,0,0,0,0,0,0,0,0,0,22
CD,245,0,0,0,1,0,0,2,0,1,0,0,0,0,0,0,0,0,0,18,0,0,0,2,1,0,0,1,0,0,0,5,0,0,0,57,0,0,0,0,0,4,116,0,0,0,2,0,71,0,72,0,0,0,0,0,4,0,0,0,0,0,4,0,0,0,0,0,0,0,0,0,0,0,0,0,1,0,0,0,12,0,0,0,35,0,0,3593,8,130,0,0,22,0,0,0,0,0,6,0,0,54,0,0,0,0,3,0,0,1,3,0,0,267,43,472,0,25,16,309,388,8,0,0,0,0,92,0,0,0,2,0,0,70,138,0,0,0,0,0,7,12,0,253,4,0,0,0,41,0,64,0,1210,0,0,0,1,0,8,60,0,9,0,3,0,28,4,0,0,4,6,8,0,0,0,0,0,0,0,0,0,133,0,0,0,0,81,0,0,0,0,0,0,0,0,0,0,0,0,0,0,0,0,0,0,0,0,0,0,0,0,0,0,0,0,0,0,0,0,0,0,0,0,0,0,0,0,0,0,0,0,0,0,0,0,0,0,0,0,0,1,0,0,0,359,0,1,0,0,0,0,0,0,0,0,0,0,0,0,14
CD,0,0,0,0,10,222,0,0,0,0,0,0,0,0,0,0,0,0,0,784,0,0,0,0,0,0,0,0,0,0,0,0,0,0,0,0,0,0,0,0,0,0,0,0,0,0,0,0,0,0,0,0,0,0,0,0,0,0,2,2,0,0,3,0,0,0,0,0,8,0,0,0,0,0,0,1,14,3323,0,0,877,0,0,0,0,0,5,2,0,0,0,0,0,0,0,0,0,0,0,0,0,0,0,0,0,0,0,0,0,0,0,0,0,0,0,0,0,0,0,0,0,0,0,0,0,0,0,0,0,0,0,0,0,0,0,0,0,0,0,0,0,0,0,0,0,0,0,0,0,0,0,0,1,0,0,0,0,0,0,0,0,0,0,0,0,0,15,0,0,0,0,0,0,0,0,0,0,0,0,0,0,0,0,0,0,0,656,0,0,0,0,0,0,0,0,0,0,0,0,0,0,0,0,0,0,0,0,0,0,2,0,0,0,0,0,0,0,0,0,0,0,0,0,0,0,252,0,0,0,61,0,972,0,0,2,0,0,0,994,0,0,0,0,0,0,0,0,0,0,0,0,0,0,0,0,0,0,0,0,0
CD,0,0,0,0,52,0,0,3,0,0,0,0,0,0,0,0,0,0,0,3032,2,0,0,0,492,0,0,113,0,0,0,0,0,0,0,2,0,0,0,0,0,0,1,0,0,0,0,0,0,0,0,0,0,0,0,0,0,0,0,0,0,0,35,0,0,0,0,0,1,4,0,4,0,0,0,3,29,19,0,0,43,0,0,0,1,0,47,4323,0,57,1,0,97,0,0,0,0,0,0,0,0,0,2,0,0,0,10,0,0,10,1,0,0,3010,830,5081,0,3124,2,0,77,0,0,0,0,0,4897,147,0,0,0,0,0,651,84,0,0,0,0,2,1354,0,0,917,26,0,1,4,31,0,37,0,729,7,46,0,14,0,0,3253,0,277,3,0,0,0,1445,50,0,113,13,6,0,0,0,0,0,0,0,0,0,463,0,0,0,0,9,0,0,3,0,0,0,0,0,0,0,0,0,0,0,0,0,0,0,0,0,0,0,0,0,0,3,0,0,0,0,0,2,0,0,0,0,0,0,0,0,6,0,0,0,2022,0,0,4,0,16,0,0,0,0,0,0,0,2,0,0,0,0,0,0,0,0,0,0,0,0,0,0,0
CD,0,0,0,0,247,215,0,7,0,0,0,0,0,0,0,0,0,0,0,923,0,0,0,0,0,0,0,0,0,0,0,0,0,0,0,0,0,0,0,0,0,0,0,0,0,0,0,0,0,0,0,0,0,0,0,0,2,2,1,0,0,0,57,0,14,0,0,0,9,0,0,0,0,2,0,0,164,3482,15,0,358,0,0,1,0,3,2,2761,0,0,0,0,0,0,0,0,0,0,0,0,0,0,0,0,0,0,0,0,0,0,0,0,0,0,0,1,0,0,0,0,0,0,0,0,0,0,1,0,0,0,0,0,0,0,0,0,0,0,0,0,0,0,0,0,0,0,0,0,0,0,0,0,1,0,0,0,0,0,0,0,0,0,66,0,0,4,173,0,0,0,0,0,0,0,0,0,0,0,0,0,0,0,0,0,0,0,20,0,0,0,0,0,0,0,0,0,0,0,0,0,0,0,0,0,0,0,0,0,0,0,0,1,0,0,0,0,0,0,0,0,0,0,0,0,0,5,0,4,2,25,0,2361,0,0,0,0,8,0,10,0,2,0,0,0,27,0,0,0,0,0,0,0,0,0,0,0,0,0,0,0
nonIBD,1,0,2,2,39,0,0,1,0,0,0,0,0,0,0,0,2,0,0,1936,0,82,0,16,707,0,0,15,0,8,0,0,0,0,0,2,3,0,1,0,4,0,0,0,0,0,0,0,86,0,5,0,0,0,0,0,1,0,0,0,0,0,16,0,0,0,0,7,1,0,0,0,0,0,0,1,7,0,0,0,0,0,2,1,1,0,3,2319,12,139,0,6,119,0,0,0,6,0,0,0,0,3,0,0,0,0,0,0,0,1,10,0,0,532,255,2782,0,20,0,678,2433,15,0,0,0,0,1334,0,0,0,0,0,0,863,1483,0,0,0,0,14,362,5,0,529,1,0,0,0,33,0,170,0,1434,0,722,0,2,0,13,2052,0,39,742,0,1,34,89,0,1,4,0,2,16,0,0,0,0,0,0,0,0,620,0,1,0,0,6,0,0,0,0,0,6,0,0,0,0,0,0,0,0,0,0,0,0,0,0,0,0,0,0,0,0,0,0,0,0,0,0,0,0,0,0,0,0,0,0,0,0,0,0,0,0,0,0,0,0,0,0,0,0,0,0,0,1,0,0,0,0,0,0,0,0,0,0,0,0,0,0,4
CD,0,0,0,0,3,0,0,2,0,0,0,0,0,0,0,0,0,0,0,50,0,0,0,4,0,0,0,0,0,0,1,0,0,0,0,5402,0,0,0,0,0,0,0,0,0,0,0,0,30,0,0,0,0,0,0,0,0,0,0,0,0,0,120,0,0,0,0,15,0,0,0,0,0,0,0,0,1,25,0,0,4,0,0,0,0,0,1,548,0,75,2,0,1391,0,2,0,0,0,2,1,0,15,0,0,0,0,13,0,0,0,0,0,0,435,3,890,16,3279,0,0,0,0,1,3,0,0,118,0,0,0,0,0,0,0,0,0,0,0,0,0,1984,215,0,0,0,0,0,0,0,0,0,0,1,23,0,0,0,0,0,0,0,41,0,0,0,0,321,0,0,0,0,1,3,0,0,0,0,16,0,1,25,1393,0,990,0,2,4031,0,0,113,0,0,0,0,0,0,0,0,0,0,0,0,0,0,0,0,0,0,0,1,0,9,0,1,0,0,0,0,132,0,0,0,0,0,1,13,0,0,0,24,0,857,0,0,0,0,904,0,0,0,15,67,5,0,701,42,0,0,0,0,0,0,0,0,0,0,0,0,0,0
CD,0,0,0,0,8,0,0,0,0,0,0,0,0,0,0,0,0,0,0,1862,0,0,0,0,0,0,0,0,0,0,0,2,0,0,0,748,0,0,0,0,0,0,0,0,0,0,0,0,0,0,0,0,0,0,0,2,0,0,0,0,0,0,3,0,0,0,0,0,0,0,0,0,0,0,0,0,0,4,0,0,1,0,0,0,1,0,1,393,0,0,0,0,15,0,0,0,0,0,1,0,0,0,0,0,0,0,0,0,0,0,0,0,0,74,1038,3723,0,746,0,0,1054,0,0,0,0,0,1234,0,0,0,0,0,0,95,3,0,0,0,0,0,103,0,0,0,0,0,0,0,0,0,0,0,853,8,0,0,0,0,0,0,0,0,0,0,0,0,212,0,0,30,0,0,0,0,0,0,0,0,0,0,0,643,0,0,0,0,36,0,0,0,0,0,0,0,0,0,0,0,0,0,0,0,0,0,0,0,0,0,0,0,0,0,0,0,0,0,0,0,0,0,0,0,0,0,0,0,0,0,0,0,0,27,0,0,0,0,0,0,0,0,0,0,0,0,8,0,0,0,0,0,0,0,0,0,0,0,0,0,0,0
CD,0,0,0,0,2,0,0,0,0,0,0,0,0,0,0,0,0,0,0,1033,0,0,0,3,0,0,0,3,0,0,0,0,0,0,0,4917,0,0,0,0,0,0,0,0,0,0,0,0,0,0,5,0,0,0,0,0,0,0,0,0,0,0,0,0,0,0,0,0,0,0,0,0,0,0,0,0,3,5,0,0,1,0,0,0,0,0,4,104,0,0,0,0,0,0,0,0,0,0,0,0,0,0,1,0,0,0,0,0,0,0,0,0,0,101,81,963,0,55,33,68,207,0,0,0,0,0,61,0,0,0,0,0,0,323,342,0,0,0,0,0,0,0,0,9,20,0,0,0,6,0,1,0,2895,15,0,0,0,0,17,4,0,0,27,0,0,1,8,0,0,0,2,0,0,0,0,0,0,0,0,0,0,45,0,0,0,0,35,0,0,0,0,0,0,0,0,0,0,0,0,0,0,0,0,0,0,0,0,0,0,2,0,0,0,0,0,0,0,0,0,0,0,0,0,0,0,0,0,0,0,0,0,18,0,0,0,0,0,0,0,0,0,0,0,0,4,0,0,0,0,0,0,0,0,0,0,0,0,0,0,0
CD,0,0,0,0,69,0,0,0,0,0,0,0,0,0,0,0,0,0,0,397,5,0,0,10,0,3,0,0,0,0,0,0,0,0,0,0,0,0,0,0,0,0,0,0,0,0,0,0,0,0,0,0,0,0,3,0,0,0,0,0,0,0,12,0,0,0,0,5,0,0,0,0,0,0,0,0,8,148,0,0,1,0,0,0,2,0,0,2956,0,15,0,0,34,0,0,0,0,0,0,0,0,0,0,0,0,0,29,0,0,0,0,0,0,9,0,0,3,612,0,0,0,0,0,0,0,0,0,0,0,0,0,0,0,1,0,0,0,0,0,0,6,0,0,0,0,0,0,0,0,0,0,0,0,0,0,0,0,0,0,0,0,0,1,0,0,0,0,0,0,0,0,3,0,0,0,0,0,0,0,0,0,0,0,0,0,0,173,0,0,0,0,0,0,0,0,0,0,0,0,0,0,0,0,0,0,0,0,0,0,0,0,0,0,0,0,0,0,1,0,0,0,0,0,0,0,3,0,0,0,121,0,0,0,0,0,0,0,0,0,0,0,0,0,0,9,0,0,0,0,0,0,0,0,0,0,0,0,0,0,0
CD,0,0,0,0,12,0,0,3,0,0,0,0,0,0,0,0,0,0,0,987,0,0,0,1,1,0,0,0,0,0,0,0,0,0,0,6149,0,0,0,0,0,0,0,0,0,0,0,0,0,0,0,0,0,0,0,0,0,0,0,0,0,0,75,0,0,0,0,0,0,9,0,0,0,0,0,11,30,2,0,0,5,0,0,0,0,0,0,993,0,0,0,0,727,0,0,0,0,0,1,0,0,1,0,0,0,0,3,0,0,0,0,0,0,31,0,0,0,358,0,0,0,0,0,0,0,0,9,0,0,10,0,0,0,0,0,0,0,0,0,0,0,7,0,0,0,0,0,0,0,0,0,0,0,0,0,0,0,0,0,0,0,0,0,0,0,0,737,0,0,0,0,6,0,0,0,0,0,0,0,0,0,0,0,31,0,0,270,0,0,0,0,0,0,0,0,0,0,0,0,0,0,0,0,0,0,0,0,0,0,0,49,1,0,0,9,0,0,0,0,0,0,0,0,0,2,8,1,0,24,290,0,15,0,0,0,0,0,0,0,0,23,2,0,2,846,228,95,0,0,0,0,0,0,0,0,0,0,0,0,0
CD,0,0,0,0,50,0,0,0,0,0,0,0,0,0,6,0,0,0,0,233,0,0,0,286,0,5,0,0,0,0,0,0,0,0,0,0,0,0,0,0,0,40,0,0,0,0,0,0,0,0,0,0,0,0,0,0,0,2,0,1,0,0,12,0,0,0,0,0,6,1,0,0,14,0,0,86,348,674,11,0,30,0,0,0,0,0,1,2424,0,0,0,0,122,0,0,0,0,0,0,0,0,0,0,0,0,0,0,0,0,0,2,0,0,2,0,0,0,0,0,0,0,0,0,5,0,0,0,0,0,0,1,0,0,0,0,0,0,0,0,0,192,354,0,0,0,0,0,0,0,0,0,0,0,0,0,0,0,0,0,0,0,0,0,0,0,0,0,0,0,0,0,0,0,0,0,0,0,0,0,16,0,2,0,199,0,0,3482,0,0,15,0,0,0,0,0,0,0,0,0,0,0,0,0,0,0,0,0,0,0,0,0,1,0,0,0,0,0,0,130,0,0,0,0,0,0,1,0,26,0,0,0,0,0,0,0,0,0,0,2,0,0,0,0,0,0,0,0,0,0,0,0,0,0,0,0,0,0,0,0,0
CD,0,0,0,0,9,0,0,0,0,0,0,0,0,0,0,0,0,0,0,767,0,2,0,1,1,0,0,53,0,7,0,0,0,3,0,1632,0,0,0,0,0,0,0,0,0,0,0,0,0,0,1816,0,0,0,0,0,0,0,0,0,0,0,5,0,0,0,0,0,0,0,0,0,0,0,0,2,3,0,0,0,131,0,0,0,0,0,1,2212,0,92,0,0,0,0,0,0,0,0,0,0,0,0,0,0,1,0,2,0,0,1,0,0,0,446,322,1061,0,53,12,717,387,0,0,0,0,0,266,0,0,0,0,0,0,352,399,0,0,0,0,0,36,0,0,543,2,0,0,4,13,0,45,0,3629,7,1041,0,18,0,0,205,22,17,1170,0,0,66,35,0,0,24,8,0,0,0,0,0,0,0,0,0,0,988,0,0,0,0,84,0,0,0,0,0,0,0,0,0,0,0,0,0,0,0,0,0,0,0,0,0,0,0,0,0,0,0,0,0,0,0,0,0,0,0,0,0,0,0,0,0,0,0,0,3,0,0,0,0,0,0,0,0,1,0,0,0,142,0,0,0,0,0,0,0,0,0,0,0,0,0,0,1315
CD,496,0,0,0,14,0,0,0,0,0,0,0,0,0,0,0,0,0,0,774,0,32,0,2,123,0,2,10,0,16,0,25,0,0,4,45,0,4,0,0,4,0,73,0,0,53,0,0,161,0,5,0,0,0,0,1,20,0,0,0,0,0,0,0,0,0,0,0,0,0,0,0,0,0,0,0,0,0,0,0,1,0,0,2,0,0,3,559,30,377,0,0,0,0,0,0,0,0,0,0,0,0,1,0,0,4,0,0,0,0,5,0,0,96,384,4603,0,35,0,109,2385,31,0,0,0,0,1093,0,0,0,0,0,0,85,1762,0,0,0,460,0,65,0,0,552,0,0,0,0,52,2,175,0,5046,0,1,0,0,0,27,26,1,3,1376,0,0,879,55,0,0,902,0,0,0,0,0,0,0,0,0,0,0,329,0,0,0,0,0,0,0,0,0,0,0,0,0,0,0,0,0,0,0,0,0,0,0,0,0,0,0,0,0,0,0,0,0,0,0,0,0,0,0,0,0,0,0,0,0,0,0,0,0,0,0,0,0,0,0,0,0,0,0,0,0,0,0,0,0,0,0,0,0,0,0,0,0,0,0,0,0,142
nonIBD,1,0,2,0,6,0,0,0,0,0,0,0,0,0,0,0,0,0,0,549,0,5,0,4,0,0,0,152,0,6,0,0,0,0,0,108,0,0,0,0,0,1,0,0,0,0,0,0,0,0,1,0,0,0,0,0,0,0,0,0,0,0,2,0,0,0,0,0,0,0,0,0,0,0,0,0,4,4,0,0,0,0,0,0,0,0,3,124,0,69,0,0,6,0,0,0,0,0,3,0,0,0,0,0,0,0,3,0,140,0,5,0,0,733,169,3331,0,162,11,85,1909,0,0,0,0,0,191,11,0,0,0,0,0,6013,1508,0,0,0,0,1,52,0,0,128,0,0,0,0,18,0,49,0,69,0,0,0,0,0,17,976,0,84,202,0,0,0,227,11,3,72,17,1,0,0,0,0,0,0,0,0,0,17,0,0,0,0,2,0,0,0,0,0,0,0,0,0,0,0,0,0,0,0,0,0,0,0,0,0,0,0,0,0,0,0,0,0,0,0,0,0,0,0,0,0,0,0,0,0,0,0,0,185,0,0,0,0,0,0,0,0,0,0,0,0,0,0,0,0,0,0,0,0,0,0,0,0,0,0,0,0
CD,0,0,0,0,8,34,0,0,0,0,0,0,0,0,0,0,0,0,0,1987,0,0,0,0,86,0,0,17,0,0,0,0,0,0,0,68,0,0,0,0,0,0,0,0,0,0,0,0,0,0,0,0,0,0,0,0,0,2,0,0,0,0,5,0,0,0,0,2,0,0,0,0,0,0,0,2,4,1156,3,0,48,0,0,1,0,0,11,79,0,0,0,0,0,0,0,0,0,0,0,0,0,0,0,0,0,0,0,0,0,0,0,0,0,1877,140,123,0,375,1,0,27,10,0,0,0,0,2,0,0,0,0,0,0,0,21,0,0,0,0,0,106,0,0,8,0,0,0,0,1,0,0,0,494,0,0,0,0,0,0,0,0,0,1932,0,0,91,80,0,0,1,2,0,0,0,0,0,0,0,0,0,0,102,0,0,0,0,13,0,0,0,0,0,0,0,0,0,0,0,0,0,0,0,0,0,0,0,0,0,0,12,0,0,0,0,0,0,0,0,0,0,0,0,0,0,0,0,0,0,0,0,0,10,0,0,0,0,0,0,0,0,0,0,0,0,5,0,0,0,0,0,0,0,0,0,0,0,0,0,0,0
CD,0,0,0,0,2,0,0,0,0,0,0,0,0,0,0,0,0,0,0,5,0,0,0,1,0,0,0,0,0,0,0,0,0,0,0,1,0,0,0,0,0,0,1,0,0,0,0,0,0,0,0,0,0,0,0,0,0,0,0,0,0,0,1,0,0,0,0,0,0,0,0,0,0,0,0,0,0,92,0,0,0,0,0,0,0,0,0,28,0,101,11,0,2499,0,0,0,0,0,1,0,0,1,0,0,0,0,0,0,0,0,0,0,0,2358,0,38,96,47,4,0,28,0,0,0,0,0,5223,0,0,0,0,0,0,0,1,0,0,0,0,0,6,1273,0,21,0,0,0,0,0,0,0,0,2,7,0,0,0,0,0,0,0,0,0,0,0,0,52,0,0,0,0,0,136,0,0,0,0,0,0,0,0,1,0,0,0,0,317,0,0,8,3,0,0,0,0,0,0,0,0,0,0,0,0,0,0,0,0,0,0,0,4,0,0,0,1,0,0,0,1,0,0,0,0,0,0,0,0,0,0,0,0,4612,0,0,0,0,0,0,0,0,13,1,0,1,1091,39,0,0,0,0,0,0,0,0,0,0,0,0,0,0
CD,0,0,0,0,2,0,0,0,0,0,0,0,0,0,0,0,0,0,0,155,0,0,0,0,0,0,0,0,0,0,0,0,0,0,0,183,0,1,0,0,0,9,0,0,0,0,0,1,0,0,0,0,0,0,0,0,0,0,0,0,0,0,0,0,0,0,0,0,0,0,0,0,0,0,0,0,0,17,0,0,1,0,38,0,0,0,0,26,0,7,0,0,0,0,0,0,0,0,0,0,0,0,0,0,0,0,1,0,0,0,1,1,0,33,4,480,0,6,0,12,150,0,0,0,0,0,71,0,0,0,0,0,0,447,4,0,0,0,0,0,4,0,0,62,5,0,0,0,20,0,13,0,198,14,0,0,34,0,2,2,2,2,39,0,0,0,1,0,0,8,0,0,0,0,0,12,0,0,0,0,0,0,0,0,0,0,3,0,0,0,0,0,0,0,0,0,0,0,0,0,0,0,0,0,0,0,0,0,0,23,0,0,0,0,0,0,0,0,0,0,0,0,0,0,0,0,0,0,0,0,0,8,0,0,0,0,0,0,0,0,0,0,0,0,0,0,0,0,0,0,0,0,0,0,0,0,0,0,0,0
CD,0,0,0,0,0,0,0,2,0,0,0,0,0,0,0,0,0,0,0,0,0,0,0,0,0,0,0,0,0,0,0,0,0,0,0,0,0,0,0,0,0,0,0,0,0,0,0,0,0,0,0,0,0,0,0,5,0,0,0,0,0,0,0,0,0,0,0,94,0,0,0,0,0,0,0,0,0,0,0,0,0,0,0,0,0,0,0,66,0,0,0,0,0,0,0,0,0,0,0,0,0,0,0,0,0,0,0,0,0,0,0,0,0,0,0,0,0,0,0,0,0,0,0,0,0,0,0,0,0,0,0,0,0,0,0,0,0,0,0,0,0,0,0,0,0,0,0,0,0,0,0,0,5,0,0,0,0,0,0,0,0,0,0,0,0,0,0,0,0,0,0,0,0,0,0,0,0,0,0,0,0,0,0,0,0,0,0,0,0,0,0,0,0,0,0,0,0,0,0,0,1,0,0,0,0,0,0,0,0,0,0,0,0,0,0,0,0,0,0,0,0,0,0,0,0,224,8,6,0,7042,7,0,0,0,0,0,0,0,16,0,0,0,0,0,0,0,0,0,0,0,0,0,0,0,0,0,0,0,0,0
CD,0,0,0,0,9,0,0,0,0,0,0,0,0,0,0,0,0,0,1,1,0,2,0,0,4,0,0,120,0,6,0,0,0,0,13,5230,0,0,0,0,0,188,0,0,0,0,0,0,0,0,1804,0,0,0,0,0,9,0,0,0,0,0,6,0,0,0,0,0,0,0,0,0,0,0,0,0,0,0,0,0,1,0,0,0,0,0,0,57,10,317,0,0,0,0,0,0,0,0,0,0,0,0,0,0,19,20,2,0,0,0,5,0,0,554,283,1744,0,449,274,212,536,21,0,0,0,0,936,0,0,0,0,0,0,1120,649,0,0,0,0,0,19,0,0,2057,0,0,0,8,126,0,160,0,3726,257,932,0,255,0,29,0,356,28,275,0,0,30,3,1,0,40,19,2,0,0,0,0,2172,0,0,0,0,0,0,0,0,0,1,0,0,0,0,0,0,0,0,0,0,0,0,0,0,0,0,0,0,0,0,0,0,42,0,0,0,0,0,0,0,0,0,0,0,0,0,0,0,0,0,0,0,0,0,0,0,0,0,0,0,0,0,0,0,0,0,0,0,0,0,0,0,0,0,0,0,0,0,0,0,0,0,0
CD,0,0,0,0,73,0,0,0,0,0,0,0,0,0,16,0,0,0,0,0,0,0,0,0,0,0,0,0,0,0,0,0,0,0,0,0,0,0,0,0,0,0,0,0,0,0,0,0,0,0,0,0,0,0,0,0,0,0,0,0,0,0,80,0,0,0,0,535,3,1,0,0,2,0,0,5,41,0,0,0,271,0,0,3,0,0,155,4830,0,0,0,0,0,0,0,0,0,0,0,0,0,0,0,0,0,0,0,0,0,0,0,0,0,0,0,1,0,0,0,0,0,0,0,0,0,0,0,0,0,0,0,0,0,0,0,0,0,0,0,0,0,0,0,0,0,0,0,0,0,0,0,0,0,0,0,0,0,0,0,0,0,0,0,0,0,0,0,0,0,0,0,0,0,0,0,0,0,0,0,0,0,0,0,0,0,0,0,0,0,0,2,0,0,0,0,0,0,0,0,0,0,0,0,2,0,0,0,0,0,0,0,0,0,0,0,0,0,0,0,0,2,0,0,0,0,0,0,0,0,0,0,0,0,0,0,0,0,0,0,0,0,0,0,0,0,0,0,0,0,0,0,0,0,0,0,0,0,0,0,0
CD,0,0,0,0,0,0,0,0,0,0,0,0,0,0,0,0,0,0,0,194,0,0,0,0,20,0,0,8,0,1,0,14,0,0,0,1889,0,0,0,0,2,12,0,0,0,0,0,0,4,0,6,0,0,0,0,0,3,0,0,0,0,0,3,0,0,0,0,0,0,0,0,0,0,0,0,0,0,0,0,0,0,0,0,0,0,0,0,182,1,41,0,0,0,0,0,0,0,0,0,0,0,0,0,0,0,0,0,0,0,0,0,0,0,1016,230,721,0,306,173,564,263,0,0,0,0,0,491,0,0,0,0,0,0,311,640,0,0,0,0,0,128,0,0,173,0,0,0,0,88,0,75,0,8422,8,89,0,75,0,0,0,40,3,709,0,0,34,27,0,0,1,8,0,0,0,0,219,0,0,0,0,0,3,0,0,0,0,186,0,0,2,0,0,0,0,0,0,0,0,0,0,0,0,0,0,0,0,0,0,0,49,0,0,0,0,1,0,0,0,1,0,0,0,0,0,0,0,0,0,0,1,0,210,0,0,0,0,0,0,0,0,9,2,0,1,487,0,7,0,0,0,0,0,0,0,0,0,0,0,0,0
CD,0,0,0,0,34,0,0,0,26,0,0,0,0,0,42,0,0,0,0,0,0,0,0,0,0,0,0,0,0,0,0,0,0,0,0,0,0,0,0,0,0,0,0,0,0,0,0,0,0,0,0,0,0,0,0,6,0,0,2,0,0,0,16,0,0,0,0,3244,2,0,0,0,0,0,0,9,65,0,0,0,1295,0,0,0,2,0,375,640,0,0,0,0,0,0,0,0,0,0,0,0,0,0,0,0,0,0,0,0,0,0,0,0,0,0,0,0,0,0,0,0,0,0,0,0,0,0,0,0,0,0,0,0,0,0,0,0,0,0,0,0,0,0,0,0,0,0,0,0,0,0,0,0,0,0,0,0,0,0,0,4,0,0,0,0,0,0,0,0,0,0,0,0,0,0,0,0,0,0,0,0,0,0,0,0,0,0,0,0,0,0,0,0,0,0,0,0,0,0,0,0,0,0,0,0,0,0,0,0,0,0,0,0,0,0,0,0,0,0,0,0,1,0,0,0,0,0,0,0,0,0,0,0,0,0,0,0,0,0,0,0,0,0,0,0,0,0,0,0,0,0,0,0,0,0,0,0,0,0,0,0
CD,0,0,0,0,0,0,0,3,0,0,0,0,0,0,0,0,0,0,0,1,0,0,0,0,0,0,0,0,0,0,0,0,0,0,0,33,0,0,0,0,0,0,0,0,0,0,0,0,0,0,0,0,0,0,0,0,0,0,0,0,0,0,0,0,0,0,0,0,0,0,0,0,0,0,0,0,0,0,0,0,4,0,0,0,0,0,0,21,0,0,0,0,0,0,0,0,0,0,0,0,0,0,0,0,0,0,0,0,0,0,0,0,0,140,58,3,0,1640,0,118,18,0,0,0,0,0,1939,0,0,0,0,0,0,206,0,0,0,0,0,0,75,0,0,25,0,0,0,0,0,0,0,0,0,9,0,0,0,0,0,0,0,0,0,0,0,0,9,0,0,0,0,0,0,0,0,0,0,0,0,0,0,0,0,0,0,0,100,0,0,1,0,0,0,0,0,0,0,0,0,52,0,0,0,0,0,0,0,0,0,0,0,0,0,0,0,0,0,0,0,0,0,0,0,0,0,0,0,0,0,0,0,0,0,0,0,0,0,0,0,0,0,0,0,0,0,0,0,3,0,0,0,0,0,0,0,0,0,0,0,0
CD,0,0,1,0,6,0,0,1,0,0,0,0,0,0,0,0,0,0,0,0,0,0,0,1,0,0,0,54,0,7,0,0,0,0,0,130,0,0,0,0,0,0,2,0,0,0,0,0,0,0,10,0,0,0,0,0,2,0,0,0,0,0,5,0,0,0,0,8,0,0,0,0,0,0,0,0,6,0,0,0,0,0,0,0,0,0,0,111,0,110,0,1,0,0,0,0,0,0,2,0,0,0,0,0,1,0,0,0,0,0,16,0,0,1520,869,8193,0,566,7,0,2753,0,0,0,0,0,2946,4,0,0,0,0,0,5985,294,0,0,0,0,0,97,1,0,524,3,0,0,3,386,0,174,0,163,8,1493,0,7,0,33,8643,6,31,0,0,0,0,568,86,0,278,23,0,5,0,0,0,0,0,0,0,0,230,0,0,0,0,7,0,0,1,0,0,0,0,0,0,0,0,0,0,0,0,0,0,0,0,0,0,0,11,0,0,0,0,0,0,0,0,0,0,0,0,0,0,0,0,0,0,0,0,0,10,0,0,0,0,0,0,2,0,0,0,0,0,5,0,0,0,0,0,0,0,0,0,0,0,0,0,0,0
CD,0,0,1,0,4,0,0,3,0,0,0,0,0,0,0,0,0,0,0,0,2,0,0,9,0,0,0,293,0,2,0,0,0,0,0,5580,0,0,0,0,68,4,0,0,0,0,0,0,0,0,216,0,0,0,0,0,1,0,0,0,0,0,6,0,0,0,0,0,0,0,0,0,0,0,0,2,8,0,0,0,3,0,0,0,0,0,2,228,1,9,0,0,0,0,0,0,0,0,0,1,0,1,27,0,0,0,0,0,0,0,1,0,0,773,596,284,0,3178,997,1362,363,0,0,1,0,0,2927,0,0,0,5,0,0,0,415,0,0,0,7,0,0,0,0,123,0,0,0,1,128,0,3,0,415,89,875,0,20,0,0,0,0,49,2220,0,0,156,108,0,0,90,6,2,0,0,0,16,0,0,0,0,0,1,0,0,0,0,208,0,0,0,0,0,0,0,0,0,0,0,0,0,0,0,0,0,0,0,0,0,0,15,0,2,0,0,0,0,0,0,0,0,0,0,0,0,0,0,0,0,0,0,0,153,0,0,0,0,0,0,0,0,0,0,0,0,37,0,5,0,0,0,0,0,0,0,0,0,0,0,0,0
CD,0,0,0,0,25,6,0,1,0,0,0,0,0,0,5,0,0,0,0,0,0,0,0,10,0,0,0,0,0,0,0,0,0,0,0,0,0,0,0,0,0,0,0,0,0,0,0,0,0,0,0,0,0,0,0,0,0,0,0,0,0,0,17,0,0,0,0,10,2,0,0,0,3,0,0,11,42,181,0,0,28,0,0,0,0,0,1,699,0,19,0,0,1453,0,0,0,2,0,0,34,0,0,0,0,0,0,3,0,0,0,0,0,0,213,0,0,7,13,0,0,5,0,0,3,0,0,2654,0,0,0,0,0,0,0,0,0,0,0,0,1,229,0,0,0,0,0,0,0,0,0,0,0,0,0,0,0,0,0,0,0,0,0,0,0,0,0,0,0,0,0,0,2,0,0,0,0,0,0,0,492,0,127,0,0,0,0,370,0,0,2816,0,0,0,0,0,0,0,0,0,0,0,0,0,0,0,0,0,0,0,0,0,14,0,0,0,0,0,0,0,0,0,0,0,0,0,0,0,0,0,0,0,3544,0,0,0,0,0,0,0,0,8,1,0,0,244,1,11,0,0,0,0,0,0,0,0,0,0,0,0,0
CD,0,0,0,0,42,217,0,5,0,0,0,0,0,0,9,0,0,0,0,564,0,0,0,0,7,0,0,0,0,0,0,0,0,0,0,0,0,0,0,0,0,0,0,0,0,0,0,0,0,0,0,0,0,0,0,0,0,0,0,0,0,0,44,0,0,0,0,0,1,5,0,0,0,0,0,2,12,711,0,0,291,0,0,0,0,0,0,163,0,0,0,0,0,0,0,0,0,0,0,0,0,0,0,0,0,0,0,0,0,0,0,0,0,0,0,0,0,0,0,0,0,0,0,0,0,0,0,0,0,0,0,0,0,0,0,0,0,0,0,0,0,0,0,0,0,0,0,0,0,0,0,0,0,0,0,0,0,0,0,0,0,0,167,0,0,11,11,0,0,0,0,0,0,0,0,0,1,0,0,0,0,4,0,0,0,0,0,0,0,0,0,0,0,0,0,0,0,0,0,0,0,0,0,0,0,0,0,0,0,1580,0,82,0,0,1,0,0,0,0,0,0,0,0,0,0,159,0,0,0,642,0,1732,0,0,518,0,727,0,84,0,3,2,0,1,281,29,0,0,0,0,0,0,0,0,0,0,0,0,0,0
CD,0,0,0,0,2,0,0,0,0,0,0,0,0,0,0,0,0,0,0,0,0,6,0,0,0,0,0,553,0,3,0,0,0,0,0,21,0,0,0,0,0,3,0,0,0,0,0,0,0,0,16,0,0,0,0,0,0,0,0,0,0,0,0,0,0,0,0,2,2,0,0,0,0,0,0,0,4,227,0,0,22,0,0,17,7669,0,0,1,0,26,0,0,0,0,0,0,0,0,45,2,0,0,8,0,0,0,0,0,0,5,744,0,0,48,612,985,0,264,0,0,0,0,0,0,0,0,5,0,0,0,0,0,25,0,18,0,0,0,0,0,0,0,0,64,0,0,0,4,0,0,99,0,0,0,1,0,0,0,9,0,0,267,0,0,0,0,857,0,0,2,0,2,0,0,0,0,0,2,0,0,0,0,0,0,0,0,0,0,0,0,0,0,0,0,0,0,0,0,0,0,0,0,0,0,0,0,0,0,0,1,0,0,0,0,0,2,1,0,0,0,0,0,0,0,0,7,0,76,0,34,0,0,0,0,0,0,0,0,0,9,0,0,0,0,0,0,0,0,0,0,0,0,0,0,0,0,0,0,0,0
CD,0,0,0,0,25,0,0,0,0,0,0,0,0,0,0,0,0,0,0,2,0,0,0,9,0,0,0,1,0,0,0,0,0,2,0,5896,0,0,0,0,0,0,2,0,0,0,0,0,0,0,0,0,0,0,0,0,0,0,0,0,0,0,212,0,0,0,0,0,2,3,0,0,0,0,0,15,53,287,0,0,0,0,0,0,0,0,0,101,0,7,0,0,49,0,0,0,0,0,6,0,0,4,0,0,0,0,21,0,0,0,28,0,0,129,294,11,7,12,1,0,0,0,0,27,0,0,407,0,0,0,0,0,0,0,1,0,3,0,1,0,0,20,0,0,0,0,0,0,0,0,0,0,3453,0,0,0,0,0,0,0,0,0,0,0,0,0,943,0,0,0,0,21,0,0,0,0,0,0,0,0,0,3,0,20,0,0,485,0,0,145,10,0,0,0,0,0,0,0,0,0,0,0,0,0,0,0,0,0,0,0,0,6,0,0,0,0,0,0,7,0,0,0,0,0,0,76,0,0,0,19,0,0,0,0,1,0,1,0,209,0,115,83,12,2,1092,0,0,0,0,0,0,0,0,0,0,0,0,0,0,0
CD,0,0,0,0,16,0,0,0,0,0,0,0,0,0,0,0,0,0,0,501,0,6,0,0,96,0,0,0,0,0,0,16,0,2,0,942,0,118,0,0,2,26,0,0,0,0,0,0,178,0,265,0,0,0,0,0,59,0,0,0,0,0,8,0,0,0,0,2,0,1,0,0,0,0,0,0,1,0,0,0,0,0,0,0,0,0,7,93,10,171,0,5,211,0,0,0,1,0,0,0,0,0,1,0,0,3,1,0,0,0,1,0,0,190,58,1333,0,59,10,186,398,3,0,0,0,0,265,0,0,0,0,0,0,1312,104,0,0,0,0,6,158,0,0,410,1,0,0,0,115,0,27,0,7313,13,1,0,69,0,0,0,2,106,386,0,0,16,9,0,0,15,2,3,4,0,0,158,0,2,0,0,0,1488,0,259,0,0,20,0,0,0,0,0,0,0,0,0,0,0,0,0,0,0,0,0,0,0,0,0,0,1,7,0,0,0,0,0,5,0,0,0,0,0,0,0,0,0,0,0,0,0,0,2,0,0,0,0,0,0,0,0,0,0,0,0,28,0,0,0,0,0,0,0,0,0,0,0,0,0,0,0
CD,0,0,0,0,0,0,0,0,0,0,0,0,0,0,0,0,0,0,0,332,0,0,0,2,0,0,0,19,0,0,0,0,0,0,0,1256,0,0,0,0,0,0,0,0,0,0,0,0,1,0,0,0,0,0,0,0,0,0,0,0,0,0,3,0,0,0,0,0,0,0,0,0,0,0,0,0,2,10,0,0,2,0,0,0,1,0,2,831,0,0,0,0,68,0,0,0,0,0,2,3,0,0,0,0,0,0,1,0,0,0,0,0,0,251,253,648,0,663,1,120,58,0,0,0,0,0,315,0,0,0,0,0,0,124,251,2,0,0,0,0,200,0,0,43,0,0,0,3,0,0,0,0,3718,19,0,0,0,0,0,1,0,3,0,0,0,0,193,0,0,20,0,1,32,0,0,0,0,0,0,0,0,1438,0,98,0,0,216,0,0,5,0,0,0,0,0,0,0,0,0,0,0,0,0,0,0,0,0,0,0,1,13,0,0,0,0,0,0,0,0,0,0,0,0,0,0,0,0,0,0,0,0,19,0,0,2,0,0,0,0,0,4,1,0,0,146,0,0,0,0,0,0,0,0,0,0,0,0,0,0,236
CD,0,0,0,0,1,0,0,0,0,0,0,0,0,0,1,0,0,0,0,67,0,9,0,0,2,0,0,7,0,0,0,0,0,0,0,503,0,6,0,0,0,3,0,0,0,0,0,0,1,0,19,0,0,0,0,0,0,0,0,0,0,0,0,0,0,0,0,0,0,0,0,0,0,0,0,0,0,0,0,0,0,0,0,1,0,0,0,22,0,30,0,0,3,0,0,0,0,0,1,0,0,0,0,0,0,15,1,0,0,0,0,0,0,242,96,631,0,378,30,5,147,0,0,0,0,0,161,0,0,0,1,0,0,182,17,0,0,0,0,0,73,0,0,161,0,0,0,0,60,0,0,0,1432,49,273,0,15,0,10,41,0,15,303,0,0,20,5,0,0,5,26,0,6,0,0,0,664,0,0,0,0,1,0,0,0,0,4,0,0,0,0,0,0,0,0,0,0,0,0,0,0,0,0,0,0,0,0,0,0,1,0,0,0,0,0,0,2,0,0,0,0,0,0,0,0,0,0,0,0,0,0,118,0,0,0,0,0,0,0,0,0,0,0,0,7,0,0,0,0,0,0,0,0,0,0,0,0,0,0,538
CD,0,0,0,0,0,0,0,0,0,0,0,0,0,0,0,0,0,0,0,0,0,0,0,0,0,0,0,16,0,0,0,0,0,0,0,1843,0,0,0,0,0,0,0,0,0,0,0,0,7,0,0,0,0,0,0,0,0,0,0,0,0,0,0,0,0,0,0,0,0,0,0,0,0,0,0,0,0,0,0,0,0,0,0,0,0,0,0,0,0,0,0,0,0,0,0,0,0,0,0,0,0,0,0,0,0,0,0,0,0,0,0,0,0,51,50,103,0,81,0,50,25,0,0,0,0,0,35,0,0,0,1,0,0,3,17,0,0,0,0,0,1,0,0,6,0,0,0,0,0,0,0,0,613,12,19,0,0,0,0,0,0,90,49,0,0,6,4,0,0,0,0,0,0,0,1,0,0,0,0,0,0,0,1,0,0,0,0,0,0,2,0,0,0,0,0,0,0,0,0,0,0,0,0,0,0,0,0,0,0,0,0,0,0,0,0,0,0,0,0,0,0,0,0,0,0,0,0,0,0,0,0,0,0,0,0,0,0,0,0,0,0,0,0,0,0,0,0,0,0,0,0,0,0,0,0,0,0,0,0,0
nonIBD,0,0,0,0,6,0,0,0,0,0,0,0,0,1,2,0,0,0,0,974,0,0,0,0,271,0,0,18,0,0,4,35,0,0,0,2064,0,51,0,0,11,1,0,0,0,0,0,0,9,0,36,0,0,0,0,0,5,0,0,0,0,0,18,0,0,0,0,0,0,0,0,0,0,0,0,1,0,0,0,0,0,0,0,0,0,0,3,39,6,59,0,0,28,0,0,0,0,0,0,0,0,1,0,0,1,0,0,0,0,0,1,0,0,497,39,873,0,34,12,317,346,2,0,0,0,0,158,0,0,0,0,0,0,53,211,0,0,0,0,0,31,0,0,104,0,0,0,0,93,0,0,0,2636,24,965,0,48,0,0,0,24,2,137,0,0,400,3,0,0,37,1,12,48,3,29,0,0,0,0,0,0,14,6,0,0,0,18,0,0,1,0,0,0,0,0,0,0,0,0,0,0,0,0,0,0,0,0,0,0,23,4,0,0,0,0,0,5,0,0,0,0,0,0,0,0,0,0,0,0,0,0,32,0,0,0,0,0,0,0,0,0,0,0,0,11,0,0,0,0,0,0,0,0,0,0,0,0,0,0,0
nonIBD,0,0,0,0,1,0,0,0,0,0,0,0,0,0,0,0,0,0,0,32,0,0,0,0,13,0,0,0,0,0,0,0,0,0,0,47,0,0,0,0,0,7,0,0,0,0,0,0,2,0,0,1,0,0,0,0,0,0,0,0,0,0,1,0,0,0,0,0,0,0,0,0,0,0,0,0,0,1,0,0,0,0,0,0,0,0,0,7,0,8,0,0,0,0,0,0,0,0,0,0,0,0,1,0,0,0,0,0,0,0,6,0,0,22,3,29,0,301,0,34,18,0,0,0,0,0,711,0,0,0,0,0,0,101,37,0,0,0,0,0,1,2,0,24,0,0,0,0,0,0,0,0,15,0,0,0,0,0,0,2,0,1,0,0,0,0,17,0,0,0,0,0,0,0,0,1,0,0,0,0,0,26,0,1,0,0,18,0,0,2,0,0,0,0,0,0,0,0,0,0,0,0,0,0,0,0,0,0,0,0,0,0,0,0,0,0,0,0,0,0,0,0,0,0,0,0,0,0,0,3,0,0,0,0,0,0,0,0,0,0,0,0,0,0,0,0,0,0,0,0,0,0,0,0,0,0,0,0,0,0
nonIBD,0,0,0,0,1,0,0,15,0,0,0,0,0,0,1,0,0,0,0,1,0,16,0,0,4,0,0,44,0,2,0,0,0,0,0,2756,0,0,0,0,28,0,0,0,0,0,0,0,0,0,265,0,0,0,0,0,2,0,0,0,0,0,5,0,0,0,0,0,0,0,0,0,0,0,0,0,0,0,0,0,0,0,0,0,0,0,0,21,0,16,0,3,0,0,0,0,0,0,0,0,0,0,0,0,0,0,1,0,0,2,28,2,0,428,13,592,0,419,115,26,5,0,0,0,0,0,782,0,0,0,0,0,0,360,1174,0,0,0,0,0,2,0,0,211,13,0,0,2,3,0,65,0,199,37,513,0,44,0,9,169,4,143,212,0,0,20,38,2,0,143,14,1,0,0,0,0,0,0,0,0,0,152,0,2,0,0,4,0,0,3,0,0,0,0,0,0,0,0,0,0,0,0,0,0,0,0,0,0,0,0,0,0,0,0,0,0,0,0,0,0,0,0,0,0,0,0,0,0,0,0,0,2,0,0,0,0,0,0,0,0,0,0,0,0,8,0,0,0,0,0,0,0,0,0,0,0,0,0,0,0
CD,44,0,0,0,4,0,0,0,0,0,0,0,0,0,2,0,0,0,13,0,0,0,0,11,0,0,0,0,0,11,0,0,0,0,0,978,0,1,0,0,0,30,0,0,0,0,0,0,0,0,14,0,0,0,0,0,0,0,2,0,0,0,0,0,0,0,0,0,4,0,0,0,0,0,0,2,5,0,0,0,223,0,106,21,1,0,21,524,0,0,0,0,0,0,0,0,0,0,0,0,0,0,0,0,0,0,2,0,0,0,0,0,0,3,0,0,0,71,0,3,0,0,0,0,0,0,0,0,0,0,0,0,0,1,0,0,0,0,0,0,72,0,0,3,0,0,0,0,0,0,294,0,1,0,0,0,0,0,0,0,0,302,0,0,0,0,0,0,0,8,0,0,0,0,0,0,0,0,0,0,0,0,0,1,0,0,378,0,0,0,0,0,0,0,0,0,0,0,0,0,0,0,0,0,0,0,0,0,0,0,0,0,0,0,0,0,0,0,0,0,0,0,0,0,0,0,0,173,0,2,0,0,0,0,0,0,0,0,0,0,0,0,0,0,0,0,0,1,0,0,0,0,0,0,0,0,0,0,0,0
CD,0,0,3,0,15,0,0,1,0,0,0,0,0,0,1,0,0,0,0,0,1,0,0,33,0,0,0,0,0,0,0,0,0,0,0,4,0,0,0,0,0,0,0,0,0,0,0,0,0,0,0,1,0,0,0,0,0,0,0,0,0,0,50,0,0,0,0,0,5,10,0,0,0,0,0,6,38,530,1,0,0,0,0,0,0,0,0,61,0,2,0,0,0,0,0,0,0,0,0,0,0,9,0,0,0,0,0,0,0,0,1,0,0,0,0,1,0,0,0,0,0,0,0,2,0,0,0,0,0,0,1,0,0,0,0,0,0,0,0,0,0,2,0,0,0,0,0,0,0,0,0,0,0,0,0,0,0,0,0,0,0,0,0,0,0,0,2,0,0,0,0,4,0,0,0,0,0,0,0,0,0,0,0,4,0,0,4,0,0,0,0,0,0,0,0,0,0,0,0,0,0,0,0,0,0,0,0,0,0,0,0,0,0,0,0,0,0,0,0,0,0,0,0,0,0,0,0,0,0,0,0,35,0,0,0,0,0,0,0,0,0,0,0,0,0,0,0,0,0,0,0,0,0,0,0,0,0,0,0,0
CD,0,0,0,0,3,0,0,0,0,0,0,0,0,1,0,0,0,0,0,85,0,0,0,0,15,0,0,2,0,0,0,0,0,0,0,1301,0,0,0,0,0,10,0,0,0,0,0,0,0,0,153,0,0,0,0,0,0,0,0,0,0,0,3,0,0,0,0,0,0,4,0,0,0,0,0,1,0,3,0,0,0,0,0,0,0,0,0,8,0,0,0,0,0,0,0,0,0,0,0,0,0,0,0,0,0,0,0,0,0,0,0,0,0,13,1,133,0,273,0,0,0,0,0,0,0,0,421,0,0,0,0,0,0,3,191,0,0,0,0,0,3,0,0,34,0,0,0,0,87,0,0,0,30,24,250,0,0,0,0,0,0,14,0,0,0,0,26,0,0,10,0,2,0,0,0,0,0,0,0,0,0,14,0,11,0,0,80,0,0,15,0,0,0,0,0,0,0,0,0,0,0,0,0,0,0,0,0,0,0,1,0,0,0,0,0,0,0,0,0,0,0,0,0,0,0,0,0,0,0,2,0,2,0,0,0,0,0,0,0,0,0,0,0,0,0,0,0,0,0,0,0,0,0,0,0,0,0,0,0,0
CD,0,0,0,0,2,0,0,0,0,0,0,0,0,0,0,0,0,0,0,84,0,0,0,0,160,0,0,33,0,0,0,0,0,0,0,5224,0,0,0,0,18,24,0,0,0,0,0,0,4,0,334,0,0,0,0,0,0,0,0,0,0,0,205,0,0,0,0,0,0,0,0,0,0,0,0,0,0,0,0,0,0,0,0,0,0,0,0,0,0,19,0,0,0,0,0,0,0,0,2,0,0,329,0,0,0,0,1,0,0,0,6,0,0,9,2,1,0,49,0,40,40,2,0,0,0,0,540,0,0,0,0,0,0,4,529,0,0,0,0,0,0,328,0,20,0,0,0,0,1,0,2,0,879,146,129,0,0,0,2,0,0,89,23,0,0,3,1,0,0,1,2,0,0,0,0,42,0,0,0,0,0,0,0,0,0,0,29,0,0,126,0,0,0,0,0,0,0,0,0,0,0,0,0,0,0,0,0,0,0,66,0,40,0,0,2,0,52,0,0,0,0,0,0,0,0,0,0,0,0,0,0,33,0,0,0,0,0,0,0,0,5,0,0,0,65,3,0,0,0,0,0,0,0,0,0,0,0,0,0,56
CD,0,0,3,0,3,0,0,0,0,0,0,0,0,0,0,0,0,0,0,0,0,0,0,0,3,0,0,0,0,0,0,0,0,0,0,292,5,0,0,0,0,107,0,0,0,0,0,32,8,0,0,0,0,0,0,6,0,0,0,0,0,0,4,0,0,0,0,0,1,0,0,0,0,0,0,0,1,2,0,0,3,0,277,0,0,0,0,386,0,0,0,0,0,0,0,0,0,0,0,0,0,0,0,0,0,0,0,0,0,0,0,0,0,671,0,218,0,53,1,38,176,0,0,0,1,0,519,4,0,0,0,0,0,958,94,0,0,0,0,0,1,0,0,25,0,0,0,0,8,0,80,0,0,51,16,0,0,0,0,0,0,3,2,0,0,0,0,0,0,4,0,0,0,0,0,2,0,0,0,0,0,0,0,0,0,0,0,0,0,0,0,0,0,0,0,0,0,0,0,0,0,0,0,0,0,0,0,0,0,0,1,0,0,0,0,0,0,0,0,0,0,0,0,0,0,1,0,0,0,0,0,0,0,0,0,0,0,0,3,0,0,0,0,0,0,0,0,1,0,0,0,2,0,0,0,0,0,0,0,218
CD,0,0,0,0,13,4,0,0,0,0,0,0,0,0,0,0,0,0,0,1252,0,3,0,1,406,0,0,56,0,1,0,0,0,0,0,599,0,1,0,0,0,26,0,0,0,0,0,0,0,0,8,0,0,0,0,1,0,0,0,0,0,0,7,0,0,0,0,0,0,0,0,0,0,2,0,0,4,3,0,0,59,0,0,0,0,0,0,165,0,153,0,0,0,0,0,0,0,0,0,0,0,0,0,0,4,0,4,0,0,0,2,0,0,291,9,560,0,96,14,656,258,12,0,0,0,0,454,0,0,0,0,0,0,69,57,0,0,0,81,0,39,0,0,1123,0,0,0,1,3,1,10,0,220,0,875,0,8,0,5,0,0,29,661,0,0,43,22,0,0,4,2,4,0,0,0,0,0,0,1,1,0,112,1,2,0,0,1,0,0,1,0,0,0,0,0,0,0,0,0,0,0,0,0,0,0,0,0,0,0,1,6,0,0,0,0,0,0,0,0,0,0,0,0,0,0,0,0,0,0,0,0,161,0,0,0,0,0,0,0,0,0,0,0,0,4,0,0,0,0,0,0,0,0,0,0,0,0,0,0,567
CD,0,0,0,0,0,0,0,2,0,0,0,0,0,0,1,0,0,0,0,623,0,13,0,0,568,0,0,0,0,0,0,0,0,0,0,3128,0,0,0,0,19,363,0,0,0,0,0,0,1973,0,618,0,0,0,0,0,121,0,0,0,0,0,0,0,0,0,0,0,0,0,0,0,0,0,0,0,0,0,0,0,0,0,0,0,0,0,0,33,4,278,0,5,29,0,0,0,0,0,0,0,0,0,0,0,3,5,1,0,0,0,25,0,0,670,26,401,0,105,16,324,351,0,0,0,0,0,154,0,0,0,0,0,0,161,204,0,0,0,0,1,71,1,0,572,71,0,0,2,84,0,112,0,1475,7,193,0,37,0,27,1718,80,138,55,0,0,7,133,0,0,6,6,0,2,0,0,153,0,0,0,0,0,16,0,0,0,0,10,0,0,1,0,0,0,0,0,0,0,0,0,0,0,0,0,4,0,0,0,0,0,182,0,0,0,0,0,0,24,0,0,0,0,0,0,0,0,0,0,0,0,0,0,6,0,0,0,0,0,0,0,0,1,0,0,0,4,0,0,0,0,0,0,0,0,0,0,0,0,0,0,176
nonIBD,0,0,0,0,2,0,0,0,0,0,0,0,0,0,0,0,0,0,0,13,0,29,0,0,82,0,0,0,0,0,0,0,0,0,0,2136,0,0,0,0,26,51,0,0,0,0,0,0,2908,0,140,0,0,0,0,21,0,0,0,0,0,0,0,0,0,0,0,0,0,0,0,0,0,0,0,0,0,0,0,0,1,0,0,0,0,0,1,2,3,9,0,4,0,0,0,0,0,0,0,0,0,0,0,0,7,9,0,0,0,0,1,0,0,537,21,249,0,499,21,9,56,2,0,1,0,0,83,0,0,0,0,0,0,1727,67,0,0,0,0,0,3,0,0,176,2,0,0,0,6,0,12,0,1326,23,138,0,75,4,4,447,8,20,103,0,0,7,4,0,0,0,2,0,0,0,0,0,0,0,0,0,0,238,446,0,0,0,0,0,0,0,0,0,0,0,0,0,0,0,0,0,0,0,0,0,0,0,0,0,0,0,61,0,0,0,0,0,47,0,0,0,0,0,0,0,0,0,0,0,0,0,0,0,0,0,0,0,0,0,0,0,0,0,0,0,1,0,0,0,0,0,0,0,0,0,0,0,0,0,0,18
CD,0,0,0,0,16,0,0,0,0,0,0,0,0,0,0,0,0,0,0,0,0,0,0,0,0,0,0,38,0,0,0,5,0,0,0,7,0,0,0,0,0,0,0,462,0,0,0,0,0,0,0,0,1,0,0,0,0,0,0,0,0,0,306,0,0,0,0,0,0,0,0,0,0,0,0,7,2,4,0,0,0,0,0,0,0,0,0,11,0,0,1,0,797,0,0,0,0,0,132,0,0,16,0,0,0,0,3,0,0,0,0,0,0,618,6,100,0,644,0,0,11,0,0,0,0,0,580,3,0,0,0,0,0,80,190,0,0,0,1,0,71,3,0,11,0,0,0,0,0,0,0,0,720,39,0,0,0,0,1,9,0,38,0,0,0,0,334,0,0,46,4,1,13,0,0,0,0,2,0,0,0,13,0,2,0,0,69,0,0,666,0,0,0,0,0,0,0,0,0,0,0,0,0,0,0,0,0,0,0,0,0,27,0,0,8,0,0,0,23,0,0,0,0,0,0,7,0,20,0,3,0,166,0,0,0,0,0,0,17,6,354,2,57,0,565,0,0,0,0,0,0,0,0,0,0,0,0,0,0,0
CD,0,0,0,0,3,0,0,0,0,0,0,0,0,0,1,0,0,0,0,340,0,13,0,1,34,0,0,19,0,2,0,0,0,0,0,3630,0,212,29,0,55,44,5,0,0,0,0,0,1,0,344,0,0,0,0,5,0,0,0,0,0,0,1,0,0,0,0,0,0,0,0,0,0,0,0,0,2,0,0,0,8,0,0,0,0,0,1,245,0,209,3,4,338,0,0,0,0,0,0,0,0,1,0,0,7,0,0,0,0,0,0,1,0,1010,166,1117,0,376,3,204,145,0,0,0,0,0,399,2,0,0,1,0,0,2676,468,0,0,0,0,0,305,0,0,770,0,0,1,0,23,0,279,0,6379,15,0,0,306,0,2,0,18,60,1033,0,0,81,273,3,0,73,32,0,2,0,0,114,0,0,0,0,0,2,0,0,0,0,166,0,0,1,1,0,0,0,0,0,0,20,0,0,0,0,0,0,0,0,0,0,0,2,62,0,0,0,2,0,4,0,1,0,0,0,0,0,0,0,0,0,1,0,0,0,0,0,0,0,0,0,0,0,2,0,0,0,139,11,0,0,0,0,0,0,0,0,0,0,0,0,0,1
CD,0,0,0,0,1,0,0,0,0,0,0,0,0,0,0,0,0,0,0,0,0,0,0,0,0,0,0,0,0,0,0,0,0,0,0,1,0,0,0,0,0,0,0,0,0,0,0,0,0,0,0,0,0,0,0,1,0,0,0,0,0,0,0,0,0,0,0,19,0,0,0,0,0,0,0,0,0,0,0,0,1937,0,392,0,0,0,1,41,0,0,0,0,0,0,0,0,0,0,0,0,0,0,0,0,0,0,0,0,0,0,0,0,0,1,0,0,0,0,0,0,0,0,0,0,0,0,0,0,0,0,0,0,0,0,0,0,0,0,0,0,0,0,0,0,0,0,0,0,0,0,0,0,0,0,0,0,0,0,0,0,0,0,0,0,0,0,0,0,0,0,0,0,0,0,0,0,0,0,0,0,0,0,0,0,0,0,0,0,0,0,0,0,0,0,0,0,0,0,0,0,0,0,0,0,0,0,0,0,0,0,0,0,0,0,0,0,0,0,0,0,0,0,0,0,0,0,0,0,0,0,0,0,0,0,0,0,0,0,0,0,0,0,0,0,10,0,0,2,0,0,0,0,0,0,0,0,0,0,0,0
CD,115,2,0,0,4,0,0,0,0,0,0,0,0,0,0,0,0,0,0,874,0,51,0,1,325,0,0,12,0,1,0,0,0,0,0,1011,3,84,0,0,8,3,6,0,0,0,0,0,1,0,791,0,0,0,0,1,1327,0,0,0,0,0,0,0,0,0,0,0,0,0,0,0,0,0,0,0,0,0,0,0,0,0,0,0,0,0,0,5,78,1015,0,0,3,0,0,0,0,0,0,0,0,0,0,0,16,46,54,0,0,1,38,0,1,939,183,285,0,110,33,1045,319,3,0,0,0,0,394,0,0,0,0,0,0,954,580,0,0,0,0,0,66,0,0,1770,18,0,1,6,19,1,717,0,1494,18,1057,0,502,0,21,2927,323,96,86,0,0,4,2,0,0,52,0,1,0,0,0,39,0,0,0,0,0,438,0,0,0,0,1,0,0,0,0,0,0,13,0,0,0,0,0,0,0,0,0,0,0,0,0,0,0,0,0,0,0,0,0,0,30,0,0,0,0,0,0,0,0,0,0,0,0,0,0,0,0,0,0,0,0,0,0,0,0,0,0,0,0,0,0,1,0,0,0,0,0,0,0,0,0,0,2,91
CD,0,0,0,0,11,0,0,3,0,0,0,0,0,0,0,0,0,0,0,422,0,0,0,0,0,0,0,0,0,0,0,0,0,0,0,4,0,0,0,0,0,0,0,0,0,0,0,0,0,0,0,0,0,0,0,7,0,0,0,0,0,0,9,0,0,0,0,0,0,0,0,0,0,0,0,3,9,247,0,0,401,0,15,8,6,0,3,504,0,0,0,0,0,0,0,0,0,0,0,0,0,0,0,0,0,0,0,0,0,0,0,0,0,0,0,0,0,0,0,0,0,0,0,0,0,0,0,0,0,0,0,0,0,1,0,0,0,0,0,0,0,0,0,0,0,0,0,0,0,0,0,0,1,0,0,0,0,0,0,0,0,0,0,0,0,0,0,0,0,0,0,0,0,0,0,0,0,0,0,0,0,1,0,0,0,0,0,0,0,0,0,0,0,0,0,0,0,0,0,0,0,0,0,0,0,0,0,0,0,0,0,0,0,0,0,0,0,0,0,0,0,0,0,0,0,0,0,0,0,0,0,963,0,0,0,0,0,0,0,0,0,0,0,0,0,0,0,0,0,0,0,0,0,0,0,0,0,0,0,0
nonIBD,329,0,0,0,15,1,0,0,0,0,0,0,0,0,0,0,0,0,0,336,0,18,0,0,84,0,0,21,0,3,0,0,0,0,0,228,0,0,0,0,0,5,0,0,0,0,0,0,0,0,8,1,0,0,0,0,21,0,0,0,0,0,2,0,0,0,0,0,0,0,0,0,0,0,0,0,1,0,0,0,0,0,0,5,0,0,15,353,5,82,0,0,28,0,0,0,0,0,0,0,0,0,0,0,2,15,2,0,0,1,3,0,0,529,61,1049,0,31,5,383,473,3,0,0,0,0,185,0,0,0,0,0,0,1902,472,0,0,0,0,1,20,0,0,316,2,0,0,0,53,1,94,0,334,2,267,0,3,1,8,1999,1,38,674,0,0,38,11,0,0,4,1,0,40,0,0,11,0,0,0,0,0,0,0,0,0,0,13,0,0,0,0,0,0,0,0,0,0,0,0,0,0,0,0,0,0,0,0,0,0,0,0,0,0,0,0,0,1,0,0,0,0,0,0,0,0,0,0,0,0,0,0,5,0,0,0,0,0,0,0,0,0,0,0,0,0,0,0,0,0,0,0,0,0,0,0,0,0,0,0,0
nonIBD,1,0,0,0,3,0,0,0,0,0,0,0,0,1,0,0,0,0,0,5,0,0,0,0,0,0,0,5,0,0,0,0,0,0,0,2,0,0,0,0,0,0,0,0,0,0,0,0,0,0,0,0,0,0,0,0,0,0,0,0,0,0,4,0,0,0,0,0,0,0,0,0,0,0,0,1,6,1,0,0,0,0,0,0,0,0,0,28,0,0,0,0,4,0,0,0,0,0,0,0,0,0,0,0,0,0,0,0,0,0,1,0,0,450,42,149,0,226,1,0,30,0,0,2,0,0,15,0,0,0,0,0,0,25,252,0,0,0,0,0,6,0,0,5,0,0,0,0,5,0,1,0,20,3,2,0,0,0,0,0,0,6,1,0,0,0,109,65,0,19,2,1,0,0,1,1,0,0,0,0,0,3,0,0,0,0,20,0,0,1,0,0,0,0,0,0,0,0,0,0,2,0,2,0,0,0,0,0,0,0,0,0,0,0,0,0,0,0,0,0,0,0,0,0,0,0,0,0,0,0,0,779,0,0,0,0,0,0,0,0,0,0,0,0,20,0,0,0,0,0,0,0,0,0,0,0,0,0,0,0
CD,0,0,0,0,5,0,0,1,0,0,0,0,0,0,0,0,0,0,0,148,0,0,0,1,0,0,0,5,0,0,0,0,0,0,0,1754,0,0,0,0,0,0,0,0,0,0,0,0,180,0,0,0,0,0,0,3,0,0,0,0,0,0,4,0,0,0,0,0,0,2,0,0,0,0,0,0,3,86,0,0,2,0,0,0,0,0,3,78,0,1,0,0,17,0,0,0,0,0,0,0,0,0,0,0,0,0,0,0,0,0,0,0,0,405,218,878,0,272,0,6,1355,0,0,0,0,0,2058,0,0,0,0,0,0,400,639,0,0,0,0,0,36,0,0,214,0,0,0,0,47,0,0,0,2,14,0,0,0,0,0,0,0,0,0,0,0,0,535,0,0,0,0,1,0,0,0,0,0,0,0,0,0,2857,0,277,0,0,134,0,0,0,0,0,0,0,0,0,0,0,0,0,0,0,0,0,0,0,0,0,0,1,0,0,0,0,0,0,0,0,0,0,0,0,0,0,0,5,0,0,0,50,1,692,0,0,0,0,0,0,2,0,0,0,0,0,7,0,0,0,0,0,0,0,0,0,0,0,0,0,0,0
CD,0,0,0,0,7,0,0,0,0,0,0,0,0,0,3,0,0,0,0,0,0,0,0,0,0,0,0,0,0,0,0,0,0,0,0,8,0,0,0,0,0,0,0,0,0,0,0,0,0,0,0,0,0,0,0,188,0,0,0,0,0,0,1,0,0,0,0,4,1,0,0,0,0,0,0,0,7,1786,0,0,450,0,288,0,0,0,12,113,0,0,0,0,1,0,0,0,0,0,0,0,0,0,0,0,0,0,0,0,0,0,0,0,0,1,0,0,0,0,0,0,0,0,0,0,0,0,0,0,0,0,0,0,0,0,0,0,0,0,0,0,0,0,0,0,0,0,0,0,0,0,0,0,3,0,0,0,0,0,0,0,0,0,0,0,0,0,0,0,0,0,0,0,0,0,0,0,0,0,0,0,0,0,0,0,0,0,0,0,0,0,0,0,0,0,0,0,0,0,0,0,0,0,0,0,0,0,0,0,0,0,0,0,0,0,0,0,0,0,0,0,0,0,0,0,0,0,0,0,0,0,0,0,0,0,0,0,0,0,0,0,0,0,0,0,1,0,0,1,0,0,0,0,0,0,0,0,0,0,0,0
nonIBD,0,0,0,0,0,0,0,0,0,0,0,0,0,0,0,0,0,0,0,140,0,15,0,0,161,0,0,5,0,1,0,0,0,0,0,1262,0,0,0,0,0,9,0,0,0,0,0,0,0,0,14,0,0,0,0,0,0,0,0,0,0,2,2,0,0,0,0,0,0,0,0,0,0,0,0,0,0,0,0,0,0,0,0,0,0,0,4,15,0,34,0,2,1,0,0,0,0,0,0,0,0,0,0,0,3,15,0,0,0,0,86,0,0,673,27,733,0,416,35,187,261,0,0,0,2,0,244,0,0,0,0,0,0,807,380,0,0,0,0,0,40,0,0,179,13,0,0,1,78,0,158,1,2276,7,361,0,38,0,13,28,2,25,353,0,0,15,35,0,0,21,3,0,0,0,0,0,0,0,0,0,0,1976,0,0,0,0,0,0,0,0,0,0,0,0,0,0,0,0,0,0,0,0,0,0,0,0,0,0,0,0,12,0,0,0,0,0,4,0,0,0,0,0,0,0,0,0,0,0,0,0,0,3,0,0,0,0,0,0,0,0,0,0,0,0,0,0,0,1,0,0,0,0,0,0,0,0,0,0,0,45
CD,0,0,0,0,10,58,0,4,0,0,0,0,0,0,3,0,0,0,21,31,0,0,0,0,0,0,0,0,0,0,0,0,0,0,0,13,0,0,0,0,0,0,0,0,0,0,0,0,0,0,0,0,0,0,0,0,0,0,0,0,0,0,0,0,0,0,0,0,3,1,0,0,0,0,0,2,12,1188,2,0,527,0,25,0,0,0,3,678,0,0,0,0,0,0,0,0,0,0,0,0,0,0,0,0,0,0,0,0,0,0,0,0,0,0,0,0,0,0,0,0,0,0,0,0,0,0,0,0,0,0,0,0,0,0,0,0,0,0,0,0,0,0,0,0,0,0,0,0,0,0,0,0,0,0,0,0,0,0,0,0,0,0,0,0,0,0,0,0,0,0,0,0,0,0,0,0,0,0,0,0,0,0,0,0,0,0,1,0,0,0,0,0,0,0,0,0,0,0,0,0,0,0,0,0,0,0,0,0,0,504,1,3,0,1,5,0,0,0,0,0,0,0,0,0,0,28,0,9,0,62,0,34,0,0,0,0,0,0,57,0,116,26,0,3,2555,21,10,0,0,0,0,0,0,0,0,0,0,0,0,0
CD,0,0,0,0,24,0,0,2,0,0,0,0,0,0,1,0,0,0,0,1353,0,0,0,1,2,0,0,72,0,0,1,0,0,0,0,487,0,0,0,0,0,0,0,0,0,0,0,0,0,0,0,0,0,0,0,0,0,0,0,0,0,0,10,0,0,0,0,4,0,4,0,0,0,0,0,3,10,1,0,0,0,0,0,0,0,0,0,183,0,0,5,0,1419,0,0,0,0,0,1,0,0,3,0,0,0,0,10,0,0,0,7,0,0,17,1023,1672,0,21,2,0,1023,0,7,0,0,0,289,0,0,0,1,0,0,0,35,0,0,0,0,0,546,0,0,0,0,0,0,0,0,0,0,0,0,9,0,0,0,0,0,0,0,0,0,0,0,0,297,0,0,29,0,2,20,0,0,0,0,0,0,0,0,0,0,1,0,0,63,0,0,0,0,0,0,0,0,0,0,0,0,0,0,0,0,0,0,0,0,0,0,0,1,0,0,0,0,0,0,0,0,0,0,0,0,0,0,0,0,0,0,0,0,0,0,0,0,0,0,0,0,0,2,0,0,0,6,1,0,8,0,0,0,0,0,0,0,0,0,0,0,0
CD,0,0,0,0,0,0,0,0,0,0,0,0,0,0,1,0,0,0,0,110,0,0,0,1,0,0,0,15,0,0,0,0,0,0,0,916,0,0,0,0,0,0,0,0,0,0,0,1,0,0,0,0,0,0,0,0,0,0,0,0,0,0,0,0,0,0,0,0,0,0,0,0,0,0,0,1,1,9,0,0,2,0,0,0,0,0,0,106,0,0,0,0,2,0,0,0,0,0,0,0,0,0,0,0,0,0,0,0,0,0,0,0,0,45,14,544,0,154,0,1,326,0,0,0,0,0,581,0,0,0,0,0,0,163,5,0,0,0,0,0,29,0,0,0,0,0,0,0,0,0,0,0,1,0,0,0,0,0,0,0,0,0,148,0,0,15,7,0,0,0,0,0,0,0,0,0,0,0,0,0,0,0,0,0,0,0,247,0,0,802,2,0,0,0,0,0,0,0,0,0,0,0,0,0,0,0,0,0,0,0,6,0,0,0,0,0,0,0,0,0,0,0,0,0,0,36,0,29,0,1,0,64,0,0,0,0,0,0,19,0,0,0,0,0,13,4,1,0,0,0,0,0,0,0,0,0,0,0,0,0
CD,0,0,1,0,8,0,0,3,0,0,0,0,0,0,1,0,0,0,0,8,0,0,0,0,0,0,0,39,0,7,0,0,0,0,0,62,0,0,0,0,0,25,0,0,0,0,0,4,0,0,0,0,0,0,0,11,0,0,0,0,0,0,2,0,0,0,0,0,0,0,0,0,0,0,0,0,0,0,0,0,0,0,0,0,2,0,9,280,0,1,0,0,6,0,0,0,0,0,0,0,0,5,0,0,0,0,1,0,0,0,1,1,0,221,91,1241,0,521,0,0,1,0,0,0,0,0,713,0,0,0,2,0,0,2,11,0,0,0,0,0,23,0,0,7,0,0,0,2,1,0,0,0,78,0,0,0,0,0,0,1,0,4,0,0,0,0,153,0,0,156,13,4,12,0,0,0,0,0,0,0,0,894,0,0,0,0,2,0,0,0,0,0,0,0,0,0,0,0,0,0,0,0,0,0,0,0,0,0,0,0,1,0,0,0,0,0,0,0,0,0,0,0,0,0,0,0,0,0,0,0,0,21,0,0,0,0,0,0,0,0,0,0,0,0,8,0,0,1,0,0,0,0,0,0,0,0,0,0,0,641
CD,139,0,0,0,3,0,0,0,0,0,0,0,0,0,0,0,0,0,0,5,0,16,0,0,182,0,0,0,1,0,0,20,0,0,0,5546,521,11,272,0,145,68,140,0,0,0,0,0,690,6,737,0,0,0,0,1,122,0,0,0,0,0,0,0,0,0,0,0,0,0,0,0,0,0,0,0,0,0,0,0,0,0,0,0,0,0,0,2,10,1106,0,0,3,0,0,0,0,0,0,0,0,0,0,0,235,0,0,0,0,0,2,0,0,784,0,243,0,558,1031,269,244,19,0,0,0,0,142,0,0,0,0,0,11,187,463,0,0,0,0,0,0,0,0,1876,7,0,4,4,10,0,58,0,2964,26,79,0,254,0,8,239,325,62,186,0,0,15,4,0,0,23,25,0,0,0,0,0,52,0,38,0,0,1118,0,0,0,0,2,0,0,0,0,0,3,0,0,0,0,10,0,0,0,0,0,0,0,0,0,0,0,17,151,0,0,0,0,0,109,245,0,0,0,0,0,0,0,0,0,0,0,0,0,652,0,0,0,0,0,0,1,0,6,0,0,0,6,3,15,0,0,0,0,0,0,0,0,93,0,0,0,0
CD,0,0,0,0,8,1,0,0,0,0,0,0,0,0,0,0,0,0,0,181,0,0,0,9,1,0,0,63,0,7,0,0,0,0,0,983,4,0,0,0,0,2,2,0,0,0,0,0,1,0,22,0,0,0,0,0,0,0,0,0,0,0,8,0,0,0,0,0,0,0,0,0,0,0,0,0,4,0,0,0,2,0,0,0,0,0,0,43,0,43,0,0,0,0,0,0,0,0,2,0,0,0,1,0,0,1,0,0,0,1,2,0,0,2704,85,855,0,384,12,533,74,0,0,0,0,0,505,3,0,0,0,0,0,841,605,0,0,0,0,1,60,0,0,378,0,0,0,1,106,2,25,0,2529,18,735,0,15,6,6,66,0,13,0,0,0,0,81,1,0,31,7,3,0,0,0,0,0,0,0,0,0,855,0,0,0,0,14,0,0,1,0,0,0,0,0,0,0,0,0,0,0,0,0,0,0,0,0,0,0,90,0,0,0,0,0,0,0,0,0,0,0,0,0,0,0,0,0,0,0,0,0,145,0,0,0,0,0,0,0,0,0,0,0,0,3,0,0,0,0,0,0,0,0,0,0,0,0,0,0,0
CD,82,0,0,0,1,0,0,0,0,0,0,0,0,0,0,0,0,0,0,0,0,6,0,0,40,0,0,0,0,0,0,4,0,0,0,13,0,0,0,0,0,2,0,0,0,0,0,0,20,0,1,1,0,0,0,0,9,0,0,0,0,0,1,0,0,0,0,2,0,0,0,0,0,0,0,0,0,0,0,0,2,0,0,0,0,0,8,78,2,71,0,0,5,0,0,0,0,0,0,0,0,0,0,0,0,0,1,0,0,0,1,0,0,32,45,120,0,48,0,79,169,0,0,0,0,0,71,0,0,0,0,0,0,642,144,0,0,0,0,0,41,0,0,302,1,0,0,0,1,0,19,0,244,0,0,0,1,0,6,15,10,11,23,0,0,1,32,0,0,180,0,4,5,0,0,0,0,0,0,0,0,0,0,0,0,0,0,0,0,0,0,0,0,0,0,0,0,0,0,0,0,0,0,0,0,0,0,0,0,0,2,0,0,0,0,0,0,0,0,0,0,0,0,0,0,0,0,0,0,0,0,0,0,0,0,0,0,0,0,0,0,0,0,0,0,0,0,0,0,0,0,0,0,0,0,0,0,0,0,0
CD,0,0,0,0,3,0,0,0,0,0,0,0,0,0,0,0,0,0,0,1,0,0,0,0,0,0,0,4,0,1,0,0,0,0,0,32,0,0,0,0,0,4,0,0,0,0,0,0,3,0,5,0,0,0,0,0,6,0,0,0,0,0,6,0,0,0,0,0,0,0,0,0,0,0,0,0,1,0,0,0,4,0,2,0,0,0,3,66,2,56,0,1,1,0,0,0,0,0,8,0,0,7,7,0,0,0,0,0,0,0,30,0,0,28,4,533,0,54,6,0,25,2,0,0,0,0,177,0,0,0,0,0,7,24,36,0,0,0,2,0,45,0,0,97,0,0,0,0,11,0,21,0,538,10,425,0,3,0,0,235,0,96,40,0,0,0,10,11,0,9,1,0,15,0,0,0,0,0,0,0,0,212,0,0,0,0,0,0,0,0,0,0,0,0,0,0,0,0,0,0,0,0,0,0,0,0,0,0,0,0,0,1,0,0,0,0,0,0,0,0,0,0,0,0,0,0,0,0,0,0,0,2,0,0,0,0,0,0,0,0,0,0,0,0,0,0,0,0,0,0,0,0,0,0,0,0,0,0,0,0
CD,764,0,0,0,17,0,0,0,0,0,0,0,0,0,1,0,0,0,0,162,0,25,0,1,0,0,0,132,0,4,0,0,0,1,0,4480,0,1302,251,0,0,398,0,0,0,0,1,0,12,0,1475,0,0,0,0,0,193,0,0,0,0,0,5,0,0,0,0,2,1,0,0,0,0,0,0,0,1,1,0,0,80,0,0,0,0,0,14,1459,5,424,0,16,74,0,0,0,0,0,0,0,0,0,0,0,22,4,1,2,0,0,39,0,0,585,77,1453,0,344,27,546,1162,0,0,0,0,0,642,0,0,0,0,0,0,2212,1012,0,0,0,0,0,22,2,0,2716,101,0,3,10,39,1,722,0,4263,28,2374,0,128,0,13,806,68,19,33,0,0,0,383,32,0,348,10,0,0,0,0,0,0,0,0,0,0,2544,0,1,0,0,72,0,0,0,0,3,0,0,0,0,0,0,0,0,0,0,0,0,0,0,0,3,0,66,10,0,0,0,0,2,96,0,0,0,0,0,0,0,0,65,1,10,5,589,1,125,0,0,0,2,0,0,236,0,0,0,0,0,7,0,0,1,0,0,0,0,0,0,0,0,0,0,0,179
CD,0,0,0,0,3,0,0,0,0,0,0,0,0,0,0,0,0,0,0,359,0,0,0,0,0,0,0,119,0,0,0,0,0,0,0,4,0,0,0,40,0,0,0,0,0,0,0,0,38,0,0,0,0,0,0,0,0,0,0,0,0,0,0,0,0,0,0,0,0,0,0,0,0,0,0,1,2,13,0,0,3,0,5,0,0,0,0,223,0,15,0,0,235,0,0,0,0,0,43,3,0,0,0,0,0,0,0,0,0,8,0,0,0,464,26,1499,1,947,0,221,4,0,0,0,0,0,155,0,0,0,0,0,0,649,460,0,0,0,0,0,58,0,0,400,0,0,1,0,8,1,7,0,84,82,0,0,0,0,1,252,0,152,49,0,0,0,249,20,0,138,0,0,0,0,0,0,0,3,0,0,0,586,0,24,0,0,20,0,0,467,0,0,0,0,0,0,0,0,0,0,0,0,0,0,0,0,0,0,0,269,0,0,0,0,0,0,0,0,0,0,0,0,0,0,0,2,0,1,2,44,0,57,0,0,0,0,0,0,0,0,0,0,0,0,0,0,0,0,0,0,0,0,0,0,0,0,0,0,0,183
CD,0,0,0,0,47,0,0,2,0,0,0,0,0,0,0,0,0,0,0,0,0,0,0,0,0,0,0,0,0,0,0,0,0,0,0,2,0,0,0,0,0,0,0,0,0,0,0,0,2,0,0,1,0,0,0,0,0,1,0,0,0,1,4,2,0,0,0,0,2,0,0,0,0,0,0,0,2,948,8,0,190,0,1,1,0,0,3,1021,0,0,0,0,1,0,0,0,0,0,0,0,0,0,0,0,0,0,0,0,0,0,0,0,0,0,0,0,0,0,0,0,0,0,0,0,0,0,0,0,0,0,0,0,0,0,0,0,0,0,0,0,0,0,0,0,0,0,0,0,0,0,0,0,1,0,0,0,0,0,0,0,0,0,0,0,0,0,0,0,0,0,0,0,0,0,0,0,0,0,0,0,0,0,0,0,0,0,0,0,0,0,0,0,0,0,0,0,0,0,0,0,0,2,0,0,0,0,0,0,0,32,0,0,0,0,0,0,0,0,0,0,0,0,0,0,0,116,0,0,0,30,0,373,0,0,0,0,0,0,533,0,0,0,0,0,5,0,0,7,0,0,0,0,0,0,0,0,0,0,0,0
CD,0,0,0,0,3,0,0,0,0,0,0,0,0,0,1,0,0,0,0,221,2,1,0,0,154,0,0,5,0,0,0,0,0,0,0,433,0,16,0,0,1,1,0,0,0,0,0,0,0,0,18,0,0,0,0,0,0,0,0,0,0,0,2,0,0,0,0,0,0,0,0,0,0,0,0,2,1,0,0,0,121,0,0,0,0,0,3,242,0,48,0,2,453,0,0,0,0,0,0,0,0,0,0,0,0,0,0,0,0,1,0,0,0,662,164,479,0,20,8,146,262,6,0,0,0,0,248,1,0,0,1,0,0,162,172,0,0,0,0,2,211,0,0,236,2,0,0,0,115,0,2,0,2903,16,0,0,5,0,0,0,2,1,323,0,0,13,12,0,0,0,8,0,19,0,0,0,0,0,0,0,0,1190,0,0,14,0,95,0,0,0,0,0,0,0,0,0,0,0,0,0,0,0,0,0,0,0,0,0,0,17,0,0,0,0,0,0,0,0,0,0,0,0,0,0,0,0,0,0,0,0,0,1,0,0,0,0,0,0,0,0,3,0,0,0,36,0,0,0,0,0,0,0,0,0,0,0,0,0,0,0
CD,0,0,0,0,3,0,0,0,0,0,0,0,0,0,0,0,0,0,0,645,0,4,0,0,42,0,0,1,0,0,0,0,0,0,0,84,0,0,0,0,0,0,1,0,0,0,0,0,1,0,13,0,0,0,0,0,0,0,0,0,0,0,0,0,0,0,0,0,0,0,0,0,0,0,0,0,1,0,0,0,0,0,0,0,0,0,0,28,0,29,0,2,1,0,0,0,0,0,0,0,0,0,1,0,0,1,0,0,0,0,1,0,0,399,32,571,0,109,5,74,20,0,0,0,0,0,128,0,0,0,0,0,0,637,16,0,0,0,0,0,152,0,0,187,3,0,0,0,20,0,35,0,468,7,0,0,2,0,4,179,0,9,98,0,0,5,15,0,0,8,3,1,4,0,0,0,0,0,0,0,0,54,0,0,0,0,1,0,0,0,0,0,0,0,0,0,0,0,0,0,0,0,0,0,0,0,0,0,0,0,0,0,0,0,0,0,1,0,0,0,0,0,0,0,0,0,0,0,0,0,0,9,0,0,0,0,0,0,0,0,0,0,0,0,0,0,0,0,0,0,0,0,0,0,0,0,0,0,0,3
CD,76,0,0,0,4,0,0,0,0,0,0,0,0,0,0,0,0,0,0,433,0,33,0,0,134,0,0,1,9,0,0,0,0,0,0,5573,0,270,33,0,98,71,422,0,5,0,276,0,0,0,938,0,0,0,0,0,413,0,0,0,0,0,3,0,0,0,0,0,0,0,0,0,0,0,0,0,1,1,0,0,5,0,0,0,0,0,0,25,5,241,0,0,21,0,0,0,0,0,0,0,0,0,0,0,3,28,0,0,0,0,0,0,0,592,25,704,0,159,180,308,649,1,0,0,0,0,291,0,0,0,0,0,1,1019,168,0,0,0,0,1,78,0,0,1494,15,0,1,1,121,0,132,0,3472,23,504,1,85,0,6,1641,14,5,616,0,0,44,19,0,0,61,4,1,0,0,0,100,0,0,0,0,0,780,0,0,0,0,37,0,0,0,0,0,0,0,0,0,0,0,0,0,0,0,0,0,0,0,0,0,0,36,58,0,0,0,0,1,47,0,0,0,0,0,0,0,0,2,0,158,0,1,0,103,0,0,0,0,0,0,0,0,0,0,0,0,22,0,0,1,0,0,0,0,0,0,0,0,0,0,0,0
CD,0,0,0,0,0,0,0,0,0,0,0,0,0,0,0,0,0,0,0,323,0,0,0,0,0,0,0,0,0,0,0,0,0,0,0,2,0,0,0,0,0,0,0,0,0,0,0,0,0,0,0,0,0,0,0,0,0,2,0,0,0,0,2,0,0,0,0,0,0,0,0,0,0,0,0,0,0,677,1,0,9,0,24,0,0,0,0,89,0,0,0,0,0,0,0,0,0,0,0,0,0,0,0,0,0,0,0,0,0,0,0,0,0,0,0,0,0,0,0,0,0,0,0,0,0,0,0,0,0,0,0,0,0,1,1,0,0,0,0,0,0,0,0,0,0,0,0,0,0,0,0,0,0,0,0,0,0,0,0,0,0,0,0,0,0,0,0,0,0,0,0,0,0,0,0,0,0,0,0,0,0,0,0,0,0,0,0,0,0,0,0,0,0,0,0,0,0,0,0,0,0,0,0,0,0,0,0,0,0,528,0,91,0,1,0,0,0,0,0,0,0,0,0,0,0,73,0,0,7,16,0,1010,0,0,4,0,0,0,298,0,2,0,1,0,154,0,0,0,0,0,0,0,0,0,0,0,0,0,0,1
CD,0,0,1,0,3,0,0,1,0,0,0,0,0,0,2,0,0,0,0,329,1,0,0,5,0,0,0,16,0,0,0,0,0,0,0,1185,0,0,0,0,0,0,0,0,0,0,0,0,0,0,0,0,0,0,0,2,0,1,0,0,0,0,25,0,0,0,0,0,0,3,0,0,1,1,0,1,11,25,0,0,71,0,10,0,0,0,0,629,0,0,0,0,30,0,0,0,0,0,0,0,0,2,0,0,0,0,2,0,0,0,10,0,0,797,0,648,0,71,1,0,69,0,0,0,0,0,115,0,0,0,0,0,0,100,148,0,0,0,0,0,42,1,0,56,0,0,0,0,50,0,2,0,1711,24,2,0,1,0,0,0,0,3,74,0,0,0,60,0,0,11,0,0,17,0,0,0,0,0,0,0,0,118,0,2,0,0,240,0,0,1,0,0,0,0,0,0,0,0,0,0,0,0,0,0,0,0,0,0,0,0,0,0,0,0,3,0,0,0,1,0,0,0,0,0,0,0,0,0,0,0,0,39,0,0,0,0,0,0,0,0,4,1,0,0,70,9,0,0,0,0,0,0,0,0,0,0,0,0,0,0
CD,0,0,0,0,4,0,0,0,0,0,0,0,0,0,0,0,0,0,0,18,0,0,0,0,0,0,0,71,0,0,0,0,0,0,0,687,0,0,0,0,0,0,0,0,0,0,0,0,1,0,122,0,0,0,0,0,0,0,0,0,0,0,0,0,0,0,0,25,0,0,0,0,0,0,0,0,0,0,0,0,43,0,0,0,0,0,6,676,0,31,0,0,16,0,0,0,0,0,0,0,0,2,0,0,0,0,0,0,0,0,0,0,0,137,23,398,0,510,38,0,1,0,0,0,0,0,103,0,0,0,0,0,0,0,69,0,0,0,0,0,146,0,0,214,0,0,0,0,4,0,113,0,569,41,0,0,66,0,0,0,0,13,1,0,0,0,66,5,0,41,0,1,11,0,0,0,0,0,0,0,0,100,0,2,0,0,94,0,0,24,0,0,0,0,0,0,0,0,0,0,0,0,0,1,0,0,0,0,0,11,0,0,0,0,0,0,0,0,2,0,0,0,0,0,0,0,0,0,0,5,0,817,0,0,0,0,0,0,0,0,0,0,0,0,0,0,0,0,0,0,0,0,0,0,0,0,0,0,0,1263
CD,0,0,0,0,2,0,0,0,0,0,0,0,0,0,0,0,0,0,0,516,0,14,0,3,1,0,0,60,0,1,0,0,0,0,0,2410,0,0,0,0,0,24,0,0,0,0,0,0,0,0,2,0,0,0,0,6,1,0,0,0,0,0,1,0,0,0,0,1,0,0,0,0,0,0,0,0,0,4,0,0,24,0,0,0,0,0,30,437,0,11,0,0,142,0,0,0,0,0,0,0,0,0,0,0,0,0,1,0,0,5,0,0,0,2182,255,856,0,774,1,2,6,0,0,0,0,0,253,0,0,0,0,0,0,1686,763,0,2,0,0,0,234,3,0,51,0,0,0,1,26,0,137,0,4904,171,0,0,39,0,15,254,1,16,0,0,0,0,161,13,0,144,39,0,4,0,0,0,0,0,0,0,0,4,0,15,0,0,565,0,0,3,5,0,0,0,0,0,0,0,1,0,0,0,0,0,0,0,0,0,0,0,84,0,0,0,0,0,0,0,2,0,0,0,0,0,0,0,0,0,0,1,0,0,0,0,0,0,0,0,0,0,14,2,0,1,458,0,1,0,0,0,0,0,0,0,0,0,0,0,0,0
CD,0,0,0,0,1,0,0,0,0,0,0,0,0,0,4,0,0,0,0,823,0,14,0,0,69,0,0,0,0,0,31,3,0,1,0,714,0,0,1,0,1,175,0,0,45,0,0,0,760,0,28,0,0,0,0,0,298,0,0,0,0,0,1,0,0,0,0,0,0,2,0,0,0,0,0,0,3,75,0,0,1479,0,14,0,0,0,6,1183,0,14,0,0,0,0,0,0,0,0,0,0,0,0,0,0,0,3,0,0,0,0,3,0,0,93,42,381,0,33,86,179,376,0,2,0,0,0,57,0,0,0,0,0,0,208,145,0,0,0,0,0,0,0,0,322,0,0,0,0,59,0,59,0,3044,3,105,0,11,0,1,0,44,2,546,0,0,30,10,0,0,1,0,0,0,0,0,0,0,0,0,0,0,2569,0,0,0,0,68,0,0,0,0,0,0,0,0,0,0,2,32,0,0,0,0,0,0,0,0,0,0,3,7,0,0,0,0,0,2,0,0,0,0,0,0,0,0,0,0,0,0,0,0,3,0,0,0,0,0,0,0,0,1,0,0,0,108,0,0,0,0,0,0,0,0,0,0,0,0,0,0,1
CD,0,0,0,0,4,0,0,0,0,0,0,0,0,0,0,0,0,0,0,0,0,0,0,0,0,0,0,87,0,0,0,0,0,0,0,0,0,0,0,0,0,0,0,0,0,0,0,0,0,0,0,1,0,0,0,0,0,0,0,0,0,0,2,0,0,0,0,1,0,0,0,0,0,0,0,0,1,16,0,0,0,0,0,0,0,0,0,353,0,1,0,0,0,0,0,0,0,0,0,0,0,0,0,0,0,0,0,0,0,0,0,0,0,2577,115,2,0,1935,4,1,10,0,0,0,0,0,5719,0,0,0,7,0,441,0,1,0,0,0,0,0,1968,0,0,1,0,0,0,0,0,0,0,0,1,374,0,0,0,0,0,0,0,0,2,0,0,0,945,0,0,333,0,0,0,0,0,0,0,0,0,0,0,55,0,0,0,0,146,0,0,0,0,0,0,0,0,0,0,0,0,0,0,0,0,0,0,0,0,0,0,0,0,0,0,0,0,0,0,0,5,0,0,0,0,0,0,96,0,7,0,36,0,507,0,0,0,0,0,0,335,0,3,2,0,0,534,5,0,0,0,0,0,0,0,0,0,0,0,0,0,0
CD,0,0,0,0,0,0,0,0,0,0,0,0,0,0,0,0,0,0,0,232,0,27,0,0,0,0,0,54,0,2,0,0,0,0,0,7194,0,314,0,0,66,31,0,0,0,0,0,0,1,0,667,0,0,0,0,0,4,0,0,0,0,0,3,0,0,0,0,0,0,1,0,0,0,0,0,0,0,0,0,0,2,0,0,0,0,0,7,34,4,211,0,0,0,0,0,0,0,0,0,0,0,0,0,0,1,16,0,0,0,0,0,1,0,2015,200,1717,0,1517,585,1036,1832,13,0,0,0,0,873,0,0,0,0,0,0,182,1060,0,0,0,0,0,12,0,0,697,0,0,0,1,128,1,31,0,974,146,2,2,37,0,19,2,0,126,514,0,0,41,15,0,0,39,18,0,0,0,0,0,0,0,0,0,0,2483,0,3,0,0,0,0,0,0,0,0,0,0,0,0,0,0,0,0,0,0,0,0,0,0,0,0,0,450,0,0,0,0,0,0,100,0,0,0,0,0,0,0,0,0,0,0,0,0,0,20,0,0,0,0,0,0,0,0,0,0,0,0,1,0,0,0,0,0,0,0,0,0,0,0,0,0,0,11
CD,0,0,0,0,2,0,0,0,0,0,0,0,0,0,0,0,0,0,0,7,0,0,0,0,4,0,0,0,0,0,0,3,0,12,0,5408,0,0,111,0,54,633,0,0,63,2248,0,1,1258,0,632,0,0,0,0,0,0,0,0,0,0,0,2,0,0,0,0,0,0,1,0,0,0,0,0,2,2,0,0,0,0,0,0,0,0,0,1,132,0,45,0,0,0,0,0,0,0,0,0,0,0,0,1,0,16,1,0,0,0,0,0,0,0,476,24,534,0,921,348,205,488,0,0,1,0,0,88,0,0,0,1,0,0,45,381,0,0,0,0,0,1,0,0,562,3,0,0,0,33,0,14,0,2230,20,0,0,92,0,6,1,8,9,103,0,0,37,1,0,0,65,2,0,0,6,112,2,0,0,0,0,0,5,0,4,0,0,95,0,0,2,0,0,0,0,0,0,0,0,0,2,0,0,0,0,0,0,0,0,0,9,158,0,0,0,6,0,19,0,0,0,0,0,0,0,0,0,0,0,0,0,0,0,0,0,0,0,0,0,0,0,5,0,0,0,383,13,0,0,0,0,0,0,0,0,0,0,0,0,0,0
CD,0,0,0,0,3,0,0,0,0,0,0,0,0,0,0,0,0,0,0,62,0,0,0,0,63,0,0,11,0,0,0,0,0,0,0,110,0,3,0,0,4,0,0,0,0,0,0,0,0,0,5,0,0,0,0,0,0,0,0,0,0,0,1,0,0,0,0,0,0,0,0,0,0,0,0,0,0,0,0,0,1,0,0,0,0,0,0,448,2,22,0,0,139,0,0,0,0,0,0,0,0,0,0,0,2,0,0,0,0,1,0,0,0,516,329,390,0,1174,301,293,803,0,0,0,0,0,303,0,0,0,0,0,0,25,64,0,0,0,0,0,62,0,0,80,3,0,0,0,118,0,2,0,390,1,401,0,0,0,0,2,0,4,0,0,0,0,226,0,0,12,6,1,0,0,0,0,0,0,0,0,0,3,0,0,0,0,9,0,0,1,0,0,0,0,0,0,0,0,0,0,0,0,0,0,0,0,0,0,0,1,4,0,0,0,0,0,1,0,0,0,0,0,0,0,0,0,0,0,0,0,0,195,0,0,0,0,0,0,0,0,0,0,0,0,1,0,0,4,0,0,0,0,0,0,0,0,0,0,0,0
CD,0,0,0,0,0,0,0,0,0,0,0,0,0,0,0,0,0,0,0,1,0,0,0,1,0,0,0,7,0,0,0,0,0,0,0,4954,0,0,0,0,0,19,0,0,0,0,0,0,0,0,0,0,0,0,0,0,0,0,0,0,0,0,3,0,0,0,0,0,1,0,0,0,0,0,0,0,2,1,0,0,1,0,0,0,0,0,0,326,0,0,0,0,45,0,0,0,0,0,0,0,0,0,0,0,0,0,14,0,0,0,1,0,0,12,0,0,0,143,0,0,28,0,0,0,0,0,651,0,0,0,0,0,0,5,310,0,0,0,0,0,9,0,0,10,0,0,0,0,0,0,0,0,3228,17,1,0,0,0,0,3,0,0,0,0,0,0,39,0,0,22,0,0,0,0,0,0,0,0,0,0,0,3,0,27,0,0,1576,0,0,17,0,0,0,0,0,0,0,0,0,0,0,0,0,0,0,0,0,0,0,0,12,0,0,0,0,0,0,0,0,0,0,0,0,0,0,0,0,0,0,0,0,46,0,0,0,0,0,0,0,0,2,0,0,0,77,0,0,0,0,0,0,0,0,0,0,0,0,0,0,2
CD,0,0,0,0,13,0,0,0,0,0,0,0,0,0,0,0,0,0,0,526,0,0,0,0,0,0,0,86,0,4,0,0,0,0,0,3293,0,0,0,0,19,70,0,0,0,0,0,0,0,0,38,0,0,0,0,0,0,0,0,0,0,0,0,0,0,0,0,0,0,0,0,0,0,0,0,0,0,18,0,0,7,0,0,0,0,0,31,161,0,40,0,0,48,0,0,0,0,0,0,0,0,0,0,0,0,0,0,0,0,0,1,0,0,1409,66,448,0,631,0,0,4,0,0,0,0,0,549,0,0,0,0,0,5,7,1053,0,0,0,0,1,274,0,0,269,0,0,0,2,0,0,7,0,979,21,138,0,1,0,0,0,0,72,0,0,0,0,92,31,0,341,0,12,0,0,0,278,0,0,0,0,0,5,0,8,0,0,9,0,1715,0,0,0,0,0,0,0,0,0,0,0,0,0,0,0,0,0,0,0,0,2,5,0,0,0,0,0,5,4,0,0,0,0,0,0,0,6,0,2,0,32,0,302,0,0,0,0,0,0,0,0,0,0,0,0,0,0,0,0,0,0,0,1,0,0,0,0,0,0,0,0
CD,0,0,0,0,10,0,0,0,0,0,0,0,0,0,25,0,0,0,0,206,0,0,0,1,0,0,0,0,0,0,0,2,0,2,0,779,189,0,0,0,0,1,0,0,0,0,0,75,992,0,17,0,0,0,0,0,0,0,0,0,0,0,32,0,0,0,0,4,0,2,0,0,0,0,0,3,6,0,0,0,2,0,0,0,0,0,0,685,0,1,0,0,0,0,0,0,0,0,0,0,0,0,0,0,0,0,0,0,0,9,0,0,0,780,26,247,0,128,180,0,21,0,0,0,0,0,123,0,0,0,0,0,0,961,12,0,2,0,0,0,79,1,0,125,0,0,0,0,42,0,2,0,3132,51,0,0,11,0,0,0,1,2,0,0,0,0,0,0,0,316,0,0,0,28,1257,5,0,0,0,0,0,0,177,0,0,0,166,0,0,1,0,0,0,0,0,0,0,0,0,0,0,0,0,0,0,0,0,0,0,0,26,0,0,0,0,0,43,0,0,0,0,0,0,0,0,1,0,0,0,185,5,51,0,0,0,0,0,0,1,0,14,1,2,0,184,61,0,2,0,0,0,0,0,0,0,0,0,0,0,0
CD,0,0,0,0,4,0,0,0,0,0,0,0,0,0,2,0,0,0,0,1,0,0,0,56,0,0,0,0,0,0,0,0,0,0,0,8173,0,0,0,0,0,0,0,0,0,0,0,0,0,0,0,0,0,0,0,0,0,3,0,0,0,0,0,0,0,0,0,0,2,0,0,0,0,0,0,0,3,457,0,0,31,0,0,0,0,0,0,40,0,0,0,0,225,0,0,0,0,0,0,0,0,0,0,0,0,0,0,0,0,0,0,0,0,0,0,0,0,1138,0,0,0,0,0,0,0,0,0,0,0,0,0,0,0,0,0,0,0,0,0,0,40,0,0,0,0,0,0,0,0,0,0,0,0,0,0,0,0,0,0,0,0,0,0,0,0,0,0,0,0,0,0,0,1,0,0,1,0,0,0,0,0,48,0,0,0,0,492,0,0,1,0,0,0,0,0,0,0,0,0,0,0,0,0,0,0,0,0,0,0,0,0,9,0,0,0,0,0,0,0,0,0,0,0,0,0,23,0,1373,0,19,0,2,0,0,1,0,0,0,48,0,0,0,0,0,0,0,0,0,0,0,0,0,0,0,0,0,0,0,0,0
CD,0,0,0,0,3,0,0,0,0,0,0,0,0,0,0,0,0,0,0,142,0,0,0,0,4,0,0,16,0,0,0,0,0,0,0,3575,0,0,0,0,0,217,0,0,0,0,0,0,0,0,0,0,0,0,0,0,0,0,0,0,0,0,1,0,0,0,0,0,0,0,0,0,0,0,0,0,0,0,0,0,0,0,0,0,0,0,0,1589,0,7,0,0,2,0,0,0,0,0,0,0,0,0,0,0,14,0,0,0,0,4,0,0,0,391,17,373,0,709,277,293,0,0,0,0,0,0,285,1,0,0,3,0,0,4,97,0,0,0,0,0,11,0,0,103,0,0,0,0,87,0,29,0,900,167,125,0,55,0,29,0,0,17,94,0,0,5,4,0,0,2,7,1,0,0,0,499,0,7,0,0,0,0,0,1,0,0,1,0,0,892,0,0,0,0,0,0,0,0,0,0,0,0,0,0,0,0,0,0,0,0,98,0,0,0,0,0,115,0,0,0,0,0,0,0,0,0,0,0,0,0,0,0,0,0,0,0,0,0,0,0,0,0,0,0,1,0,0,0,0,0,0,0,0,0,0,0,0,0,0,0
CD,0,0,0,0,0,0,0,0,0,0,0,0,0,0,0,0,0,0,0,24,0,4,0,0,0,0,0,4,0,1,0,0,0,0,0,9138,0,907,0,0,45,144,0,0,0,0,0,0,7,0,596,0,0,0,0,1,5,0,0,0,0,0,2,0,0,0,0,0,0,0,0,0,0,0,0,1,0,0,0,0,0,0,0,0,0,0,0,103,3,91,0,0,72,0,0,21,0,0,0,1,0,0,0,0,0,0,0,0,0,0,0,0,0,982,168,1306,0,684,4,678,678,0,0,0,0,0,516,0,0,0,0,0,0,2862,874,0,0,0,0,0,29,0,0,758,0,0,0,0,366,0,24,0,7352,44,1580,0,57,0,17,3090,4,8,940,0,0,81,29,5,0,47,8,0,0,0,59,0,0,0,0,0,0,3955,0,3,0,0,24,0,0,0,0,0,0,0,0,0,0,0,0,0,0,0,0,0,0,0,0,0,0,60,0,1,0,0,0,0,10,0,0,0,0,0,0,0,0,0,0,0,0,0,0,19,0,0,0,0,0,0,0,0,0,0,0,0,78,0,0,0,0,0,0,0,0,0,0,0,0,0,0,0
CD,0,0,0,0,1,0,0,0,0,0,0,0,0,0,0,0,0,0,0,0,0,2,0,0,84,0,0,3,0,0,0,0,0,0,0,1815,0,1,0,0,2,0,0,0,0,0,0,0,0,0,45,0,0,0,0,0,0,0,0,0,0,0,3,0,0,0,0,0,0,0,0,0,0,0,0,0,2,61,0,0,0,0,0,0,0,0,0,58,0,1,0,0,1,0,0,0,0,0,0,0,0,0,0,0,0,0,0,0,0,0,0,0,0,437,25,715,0,42,103,122,322,0,0,0,0,0,103,0,0,0,0,0,0,251,338,0,0,0,0,0,0,0,0,361,6,0,2,0,9,0,70,0,4206,8,77,0,80,0,2,0,9,0,901,0,0,67,19,0,0,5,3,0,0,0,0,12,0,0,0,0,0,1669,0,0,0,0,0,0,0,0,0,0,0,0,0,0,0,1,25,0,0,0,0,0,0,0,0,0,0,157,0,2,0,0,0,0,2,0,0,0,0,0,0,0,0,0,0,0,0,0,0,453,0,0,0,0,0,0,0,0,1,0,0,0,18,6,0,0,0,0,0,0,0,0,0,0,0,0,0,0
CD,0,0,0,0,2,0,0,1,0,0,0,0,0,0,2,0,0,0,0,179,0,0,0,26,0,0,0,0,0,0,0,0,0,0,0,2,0,0,0,0,0,0,0,0,0,0,0,0,6,0,0,0,0,0,0,0,0,0,0,0,0,0,25,0,0,0,0,0,2,0,0,0,0,0,0,2,9,26,0,0,44,0,0,0,0,0,0,2149,0,48,10,2,1091,0,1,0,0,0,0,0,0,0,0,0,0,0,31,0,0,0,1,0,0,1370,216,2590,94,100,3,0,19,0,0,1,0,0,2128,0,0,0,0,0,0,12,0,0,0,0,0,0,342,0,0,335,0,0,0,0,0,0,96,0,3304,0,0,0,0,0,0,0,0,0,0,0,0,0,1624,5,0,478,0,1,0,0,0,0,0,13,0,0,0,1,0,7,0,0,1419,0,0,7,1,0,0,0,0,0,0,0,0,0,0,0,0,0,0,0,0,0,0,2311,0,2,0,2,0,0,0,0,0,0,0,0,0,0,0,6,0,11,0,2,0,209,0,0,0,0,0,0,5,0,22,0,0,2,701,24,2,0,0,0,0,0,0,0,0,0,0,0,0,0
CD,0,0,0,0,0,1,0,0,0,0,0,0,0,0,0,0,0,0,0,260,0,10,0,0,77,0,0,18,0,1,0,0,0,0,0,2628,0,48,15,0,7,20,21,0,0,1,0,0,1,0,655,0,0,0,0,4,11,0,0,0,0,0,5,0,0,0,0,0,0,0,0,0,0,0,0,0,0,0,0,0,0,0,0,0,0,0,4,51,7,157,0,50,11,0,0,0,0,0,0,0,0,2,1,0,0,31,1,0,0,0,47,0,0,418,137,666,0,156,181,218,340,0,0,0,0,0,338,1,0,0,1,0,0,952,199,0,0,0,0,0,30,0,0,1307,3,0,0,3,184,0,379,0,3980,163,0,0,137,0,4,136,156,13,635,0,0,34,22,4,0,91,17,3,5,0,0,246,0,0,0,0,0,56,0,0,0,0,28,0,0,0,0,0,0,0,0,0,0,0,0,0,0,0,0,3,0,0,0,0,0,12,0,0,0,0,0,0,4,0,0,0,0,0,0,0,0,0,0,0,0,0,0,0,0,0,0,0,0,0,0,0,1,0,0,0,6,0,0,0,0,0,0,0,0,0,0,0,0,0,0,0
CD,0,0,0,0,0,0,0,0,0,0,0,0,0,0,0,0,0,0,0,9,0,0,0,0,0,0,0,0,0,0,0,0,0,0,0,3577,0,0,1,0,0,16,0,0,0,0,0,0,1048,0,0,0,0,0,0,0,0,0,0,0,0,0,0,0,0,0,0,0,0,0,0,0,0,0,0,0,4,0,0,0,0,0,0,0,0,0,0,4,0,12,0,0,74,0,0,0,0,0,0,0,0,0,1,0,0,0,5,0,0,0,0,0,0,128,24,8,0,65,510,12,37,2,0,0,0,0,129,0,0,0,0,0,0,7,727,0,0,0,1,0,6,0,0,35,0,0,0,0,0,0,0,0,1468,1,32,0,1,0,0,0,0,0,420,0,0,40,9,0,0,1,0,1,0,0,0,4,4,0,0,0,0,2757,0,8,0,0,178,0,0,944,0,0,0,0,0,0,0,0,0,0,0,0,0,0,0,0,0,0,0,300,370,0,0,0,0,0,39,0,0,0,0,0,0,0,0,0,0,0,0,0,0,0,0,0,0,0,0,0,0,0,8,2,0,1,588,0,20,0,0,0,0,0,0,0,0,0,0,0,0,0
CD,0,0,0,0,1,0,0,0,0,0,0,0,0,0,1,0,0,0,0,10,0,6,0,2,0,0,0,2,0,0,0,3,0,3,0,5906,0,655,0,0,38,444,650,0,70,0,3206,0,1622,27,1533,0,0,0,0,0,59,0,0,0,0,0,0,0,0,0,0,0,0,1,0,0,0,0,0,3,4,1,0,0,1,0,0,0,1,0,1,571,5,64,0,0,0,0,0,0,0,0,0,0,0,0,0,0,26,34,13,0,0,0,1,1,0,644,24,450,0,528,610,585,366,3,0,0,0,0,110,0,0,0,0,0,0,133,367,0,0,0,0,0,5,0,0,2610,4,0,1,2,34,0,25,0,3731,12,1594,0,538,0,8,243,52,7,309,0,0,28,32,2,0,16,5,0,0,43,736,3,0,0,0,0,0,391,0,2,0,0,307,0,0,0,0,0,0,0,0,0,0,0,0,0,0,0,0,0,0,0,0,0,0,6,33,0,0,0,1,0,89,122,0,0,0,0,0,0,0,0,0,0,0,0,0,319,0,0,0,0,0,0,0,0,1,0,0,0,125,0,0,0,0,0,0,0,0,0,0,0,0,0,0,12
CD,0,0,0,0,6,19,0,0,0,0,0,0,0,0,1,0,0,0,0,44,0,11,0,0,30,0,0,0,0,0,0,0,0,0,0,57,0,0,0,0,1,0,0,0,0,0,0,1,8,0,8,0,0,0,0,1,2,0,0,0,0,0,0,0,0,0,0,0,0,0,0,0,0,0,0,0,0,0,0,0,0,0,0,1,2,0,0,59,4,41,0,0,12,0,0,0,0,0,1,0,0,0,6,0,0,2,0,0,0,1,0,0,0,710,44,363,0,75,7,198,379,10,0,0,0,0,454,0,0,1,0,0,0,407,473,0,0,0,0,0,104,0,0,162,1,0,0,0,57,0,118,0,493,0,415,0,4,0,8,188,0,38,316,0,0,16,5,3,0,219,10,0,5,1,3,0,0,0,0,0,0,0,0,0,0,0,0,0,0,2,0,0,0,0,0,0,0,0,0,0,0,0,0,0,0,0,0,0,0,0,2,0,0,0,0,0,0,0,0,0,0,0,0,0,0,0,0,0,0,0,0,44,0,0,0,0,0,0,0,0,0,0,0,0,0,0,0,2,0,0,0,0,0,0,0,0,0,0,0,40
CD,0,0,0,0,0,0,0,0,0,0,0,0,0,0,0,0,0,0,0,0,0,0,0,0,0,0,0,0,0,0,0,0,0,0,0,0,0,0,0,0,0,0,0,0,0,0,0,0,1,0,0,0,0,0,0,0,0,0,0,0,0,0,0,0,0,0,0,0,0,1,0,0,0,0,0,1,0,0,0,0,0,0,0,0,0,0,4,152,0,1,0,0,5,0,0,0,0,0,0,0,0,0,0,0,0,0,0,0,0,0,0,0,0,49,278,757,0,1600,0,0,320,0,0,0,0,0,747,0,0,0,0,0,0,345,40,0,0,0,0,0,1,0,0,11,0,0,0,0,0,0,0,0,0,1,0,0,0,0,0,0,0,0,0,0,0,0,72,0,0,24,0,0,0,0,0,0,0,0,0,0,0,0,0,0,0,0,6,0,0,0,0,0,0,0,0,0,1,0,0,0,0,0,0,0,0,0,0,0,0,0,0,0,0,0,0,0,0,0,0,0,0,0,0,0,0,0,0,0,0,0,0,0,0,0,0,0,0,0,0,0,0,0,0,0,0,0,0,1,0,0,0,0,0,0,0,0,0,0,0,0
CD,0,0,0,0,6,0,0,0,0,0,0,0,0,0,0,0,0,0,0,111,0,0,0,0,5,0,0,3,0,0,0,0,0,0,0,20,0,0,0,0,0,0,0,0,0,0,0,0,1,0,11,0,0,0,0,0,64,0,0,0,0,0,4,0,0,0,0,2,0,0,0,0,0,0,0,1,1,0,0,0,0,0,0,0,0,0,0,4,0,18,0,0,99,0,0,5,0,1,0,0,0,1,0,0,0,0,1,0,0,0,9,0,0,117,3,124,0,66,30,20,103,0,0,0,0,0,56,0,0,0,0,0,0,140,76,0,0,0,0,0,211,1,0,191,0,0,0,0,92,0,7,0,1607,17,86,0,1,0,0,333,4,39,9,0,0,0,8,3,0,9,3,2,8,0,0,0,0,0,0,0,0,854,0,0,0,0,20,0,0,0,0,0,0,0,0,0,0,0,0,0,0,0,0,0,0,0,0,0,0,0,0,0,0,0,0,0,1,0,0,0,0,0,0,0,0,0,0,0,0,0,0,92,0,0,0,0,0,0,0,0,0,0,0,0,0,0,0,0,0,0,0,0,0,0,0,0,0,0,0,72
CD,7,0,0,0,0,1,0,0,0,0,0,0,0,0,0,0,0,0,0,0,1,25,0,0,16,0,0,38,0,5,0,0,0,0,0,515,0,2,0,0,0,5,0,0,0,0,0,0,0,0,23,0,0,0,0,0,30,0,0,0,0,0,3,0,0,0,0,0,0,0,0,0,0,0,0,0,3,0,0,0,2,0,0,0,0,0,18,225,36,378,0,0,2,0,0,0,0,0,1,0,0,1,1,0,0,11,1,0,0,1,51,0,0,2367,111,2567,0,206,104,563,984,46,0,0,0,0,747,0,0,0,0,0,0,120,596,0,0,0,0,0,21,0,0,345,0,0,2,1,239,0,1533,0,1141,15,1816,0,5,0,26,0,3,47,1476,0,0,145,36,4,0,45,37,0,0,1,25,0,0,0,0,0,0,0,0,0,0,0,0,0,0,0,0,0,0,0,0,0,0,0,0,0,0,0,0,0,0,0,0,0,0,8,0,0,0,0,0,0,1,0,0,0,0,0,0,0,0,0,0,0,0,0,0,37,0,0,0,0,0,0,0,0,0,0,0,0,1,0,0,0,0,0,0,0,0,0,0,0,0,0,0,11
CD,0,0,0,17,233,73,0,1,0,0,0,0,0,0,0,0,1,0,278,2711,0,0,0,300,0,104,0,0,0,0,0,0,0,0,0,4,0,0,0,0,0,0,0,0,0,0,0,0,11,0,0,0,0,0,0,0,0,0,1,1,0,0,40,0,222,0,0,39,4,2,0,112,0,0,0,4,23,418,0,0,432,0,0,0,0,0,0,1809,0,0,0,0,0,0,0,0,0,0,0,0,0,0,0,0,0,0,4,0,0,0,0,0,0,0,0,0,0,0,0,0,0,0,0,0,0,0,1,0,0,0,0,0,0,0,0,0,0,0,0,0,0,0,0,0,0,0,0,0,0,0,0,0,0,0,0,0,0,0,0,0,0,0,0,0,0,0,897,0,0,0,0,0,0,0,0,0,0,0,0,0,0,2875,0,1379,0,0,179,0,0,0,0,0,0,0,0,0,0,0,0,0,0,0,0,0,0,0,0,0,0,3945,2,353,0,0,0,0,0,0,0,0,0,0,0,1,0,84,0,1,0,296,0,1505,0,2,0,0,0,0,253,0,31,4,0,1,147,0,0,0,0,0,0,0,0,0,0,0,0,0,0,1
CD,0,0,0,0,6,0,0,0,0,0,0,0,0,0,0,0,0,0,0,438,0,63,0,0,143,0,0,10,0,3,2,0,0,0,0,98,22,4,0,0,0,2,1,0,0,0,0,2,110,0,11,0,0,0,0,1,464,0,0,0,1,0,13,0,0,0,0,0,0,0,0,0,0,0,0,0,0,0,0,0,0,0,0,1,0,0,0,393,6,152,0,0,146,0,0,0,0,0,13,0,0,4,8,0,4,11,0,0,0,0,0,0,0,693,145,785,0,111,38,429,577,3,0,0,0,0,163,0,0,0,0,0,0,30,223,0,0,0,0,1,180,8,0,438,1,0,0,0,13,0,72,0,2541,2,712,0,81,0,12,128,34,93,699,0,0,41,9,0,0,2,5,1,19,0,1,0,0,0,0,0,0,0,0,0,0,0,27,0,0,0,0,0,0,0,0,0,0,0,0,3,0,0,0,0,0,0,0,0,0,0,6,0,0,0,0,0,0,0,0,0,0,0,0,0,0,0,0,0,0,0,0,20,0,0,0,0,0,0,0,0,0,0,0,0,16,0,0,0,0,0,0,0,0,0,0,0,0,0,0,0
CD,0,0,0,0,0,0,0,3,0,0,0,0,0,0,1,0,0,0,4,32,2,0,0,0,0,0,0,0,0,0,0,0,0,0,0,7,0,0,0,0,0,0,0,0,0,0,0,0,5,0,0,0,0,0,0,0,0,0,0,1,0,0,26,0,0,0,0,1,0,0,0,0,0,0,0,0,8,626,0,0,234,0,0,1,0,0,2,952,0,0,0,0,0,0,0,0,0,0,0,0,0,0,0,0,0,0,0,0,0,0,0,0,0,0,0,0,0,0,0,0,0,0,0,0,0,0,1,0,0,0,0,0,0,0,0,0,0,0,0,0,0,0,0,0,0,0,0,0,0,0,0,0,1,0,0,0,0,0,0,0,0,0,0,0,0,0,0,0,0,0,0,0,0,0,0,0,0,0,0,0,0,0,0,0,0,0,0,0,0,4,0,0,0,0,0,0,0,0,0,0,0,0,0,1,0,0,0,0,0,0,1,2,0,0,0,0,0,0,1,0,0,0,0,0,0,445,1,2,2,145,0,1021,0,0,0,0,0,0,217,0,0,0,0,0,18,2,0,1,0,0,2,1112,0,0,0,0,0,0,0,0
CD,0,0,0,0,4,0,0,0,0,0,0,0,0,0,0,0,0,0,0,1005,0,0,0,0,0,0,0,65,0,0,0,0,0,0,0,1483,0,0,0,0,0,0,0,0,0,0,0,0,0,0,1,0,0,0,0,1,0,0,0,0,0,0,0,0,0,0,0,0,0,0,0,0,0,0,0,0,1,7,0,0,17,0,0,0,0,0,6,80,0,0,0,0,111,0,0,0,0,0,0,0,0,0,0,0,0,0,0,0,0,0,0,0,0,195,2,91,0,527,0,2,56,0,0,0,0,0,335,0,0,0,0,0,0,245,2,0,0,0,0,0,150,0,0,80,0,0,0,0,0,0,0,0,2415,83,0,0,0,0,0,0,0,0,5,0,0,1,0,0,0,3,0,0,0,0,0,0,0,0,0,0,0,0,773,0,1,0,54,0,0,0,0,0,0,0,0,0,0,0,0,0,0,0,0,0,0,0,0,0,0,0,0,0,0,0,0,0,0,0,0,0,0,0,0,0,0,0,0,0,0,0,0,329,0,0,0,0,0,0,0,0,0,0,0,0,25,0,0,1,0,0,0,0,0,0,0,0,0,0,0,0
CD,0,0,0,0,0,0,0,0,0,0,0,0,0,0,0,0,0,0,0,57,0,0,0,0,0,0,0,0,0,0,0,0,0,0,0,6729,0,0,0,0,0,0,0,0,0,1,0,0,9,0,0,0,0,0,0,0,0,0,0,0,0,0,6,0,0,0,0,0,0,0,0,0,0,0,0,0,1,0,0,0,0,0,0,0,0,0,0,8,0,4,4,0,2811,0,0,0,0,0,1,0,0,0,0,0,0,0,0,0,0,0,0,0,0,85,240,0,0,301,0,0,22,0,0,0,0,0,1183,0,0,0,0,0,0,0,575,0,0,0,0,3,246,0,0,10,0,0,0,0,5,0,0,0,2432,0,0,0,0,0,0,0,0,0,0,0,0,1,0,0,0,0,0,0,0,0,0,0,0,0,0,0,0,0,1,0,0,0,230,0,0,1,0,0,0,0,0,0,0,0,0,0,0,0,0,0,0,0,0,0,0,0,80,0,0,0,0,0,0,0,0,0,0,0,0,1,0,2,0,0,0,90,0,448,0,0,0,0,0,0,0,0,1,1,0,0,147,1,0,0,0,0,0,0,0,0,0,0,0,0,0,0
nonIBD,586,0,0,0,11,0,0,0,0,0,0,0,0,0,0,0,0,0,0,201,0,12,0,2,0,0,0,3,0,64,0,0,0,0,0,63,0,0,0,0,0,0,0,0,0,0,0,0,0,0,17,0,0,0,0,0,42,0,0,0,0,0,2,0,0,0,0,0,0,0,0,0,0,1,0,1,0,58,0,0,6,0,0,0,0,0,2,221,19,100,0,0,10,0,0,0,0,0,0,0,0,1,0,0,0,0,3,0,0,0,23,0,0,55,154,337,0,45,0,105,579,9,0,0,0,0,253,0,0,0,0,0,0,63,3,0,0,0,106,0,25,0,0,150,3,0,0,0,2,0,31,0,256,25,1316,0,4,0,1,113,13,7,604,0,0,44,46,0,0,4,3,3,10,0,0,0,0,0,0,0,0,17,1,0,0,0,0,0,0,3,0,0,12,0,0,0,0,0,0,0,0,0,0,0,0,0,0,0,0,1,0,0,0,0,0,0,0,0,0,0,0,0,0,0,0,0,0,0,0,0,0,22,0,0,0,0,0,0,0,0,0,0,0,0,0,0,0,1,0,0,0,0,0,0,0,0,0,0,0,10
nonIBD,0,0,0,0,0,1,0,0,0,0,0,0,0,0,0,0,0,0,0,136,0,13,0,2,156,0,0,6,0,0,0,5,0,0,0,5458,0,732,163,0,170,167,0,0,0,0,0,0,0,0,1479,1,0,0,0,0,54,0,0,0,0,0,2,0,0,0,0,0,0,0,0,0,0,0,0,0,1,0,0,0,0,0,0,0,0,0,0,10,12,185,0,0,1,0,0,0,0,0,0,0,0,1,0,0,45,9,2,0,0,0,1,0,0,835,87,1208,0,727,509,360,385,11,0,0,1,0,149,0,0,0,0,0,0,410,518,0,0,0,0,0,6,1,0,891,2,2,0,2,46,0,40,0,4489,17,962,0,350,0,18,388,150,55,448,0,0,29,19,0,0,4,11,1,0,20,220,2,0,0,0,0,0,0,346,1,0,0,2,0,0,1,0,0,0,0,0,0,0,0,0,0,0,0,0,0,0,0,0,0,0,34,169,0,0,0,0,0,214,324,0,0,0,0,0,0,0,0,0,0,0,0,0,8,0,0,0,0,0,0,0,0,0,0,0,0,0,0,0,0,0,0,0,0,0,0,0,0,0,0,0,145
CD,0,0,0,0,4,1,0,0,0,0,0,0,0,0,0,0,0,0,0,691,0,1,0,1,99,0,0,1,0,0,0,0,0,0,0,2873,0,6,0,0,14,106,0,0,0,0,0,0,370,0,276,0,0,0,0,0,1,0,0,0,0,0,3,0,0,0,0,0,1,0,0,0,0,0,0,0,2,0,0,0,0,0,0,0,0,0,2,40,3,4,0,0,3,0,0,0,0,0,44,6,0,0,11,0,0,15,0,0,0,2,2,1,0,39,9,405,0,75,2,136,125,0,0,0,0,0,112,0,0,0,0,0,0,1,492,0,0,0,0,0,37,0,0,100,15,0,0,0,8,0,4,0,1340,35,106,0,1,0,1,0,75,28,226,0,0,15,37,0,0,10,4,0,1,0,0,0,1,0,0,0,0,1048,1,8,0,0,203,0,0,2,0,0,0,0,0,0,0,0,0,0,0,0,0,0,0,0,0,0,0,0,27,0,0,0,0,0,51,29,0,0,0,0,0,0,0,0,0,0,0,0,0,342,0,0,0,0,0,0,0,0,0,0,0,0,3,0,0,0,0,0,0,0,0,0,0,0,0,0,0,0
CD,0,0,0,0,2,0,0,0,0,0,0,0,0,0,0,0,0,0,0,0,0,2,0,0,0,0,0,0,0,2,0,16,0,0,11,5687,1,1531,0,0,70,240,1,0,0,0,0,0,2035,0,1889,0,0,0,0,0,30,0,0,0,0,0,3,0,0,0,0,1,1,0,0,0,0,0,0,0,0,0,0,0,0,0,0,0,0,0,0,24,12,177,0,0,0,0,0,0,0,0,0,0,0,0,0,0,0,0,0,0,0,3,2,0,0,429,11,1235,0,610,273,355,767,0,0,2,0,0,782,2,0,0,0,0,0,0,1212,0,0,0,0,0,1,1,0,478,0,0,1,7,14,1,73,0,4908,19,8,0,165,0,8,397,337,25,567,0,0,55,24,0,0,28,25,4,0,0,0,342,0,0,0,0,0,78,263,0,0,0,18,0,0,1,0,0,0,0,0,0,0,1,17,0,0,0,0,0,0,0,0,0,0,153,0,0,0,0,2,1,88,0,0,0,0,0,0,0,0,0,0,0,0,0,0,0,0,0,0,0,0,0,1,0,16,3,0,0,104,0,1,0,0,0,0,0,0,0,0,0,0,0,0,0
CD,0,0,0,0,3,13,0,0,0,0,0,0,0,0,0,0,0,0,0,142,0,2,0,0,0,0,0,389,0,2,0,0,0,0,28,1875,56,0,9,0,0,47,0,0,0,0,0,0,1,0,84,0,0,0,0,0,0,0,0,0,0,0,0,0,0,0,0,0,0,0,0,0,0,0,0,0,1,0,0,0,2,0,0,1,0,0,0,154,0,54,0,0,0,0,0,0,0,0,1,1,0,0,0,0,0,3,1,0,0,9,34,0,0,507,46,631,0,971,508,63,1,0,0,0,0,0,303,3,0,0,0,0,0,0,3,0,0,0,0,0,40,0,0,304,3,0,0,4,0,0,510,0,424,156,0,0,125,0,4,0,0,326,1,0,0,0,298,1,0,79,29,0,0,0,0,352,0,0,0,0,0,2,2,0,0,0,0,0,0,0,0,0,0,0,0,0,0,0,0,0,0,0,0,1,0,0,0,0,0,176,0,0,0,0,0,0,3,0,0,0,0,0,0,0,0,0,0,0,0,0,0,45,0,0,0,0,0,0,0,0,0,0,0,0,0,0,0,0,0,0,0,0,0,0,0,0,0,0,0,1359
nonIBD,0,0,0,0,5,1,0,1,0,0,0,0,0,0,0,0,0,0,0,0,0,0,0,3,28,0,0,5,0,0,0,0,0,0,0,533,0,0,0,0,0,0,6,0,0,0,0,0,8,0,8,0,0,0,0,0,0,0,0,0,0,0,6,0,0,0,0,0,0,1,0,0,0,0,0,0,1,0,0,0,1,0,0,2,2,0,1,41,0,17,0,0,27,0,0,0,0,0,0,0,0,0,4,0,0,1,0,0,0,0,87,0,0,164,16,411,0,254,21,0,267,0,0,0,0,0,174,0,0,0,0,0,0,129,322,0,0,0,0,0,14,0,0,63,4,0,2,12,4,0,71,0,111,25,0,0,7,0,13,1260,8,191,1,0,0,0,18,10,0,35,11,2,4,0,0,33,0,0,0,0,0,7,0,1002,1,0,0,0,0,0,0,0,0,0,0,0,0,0,0,0,0,0,0,0,0,0,0,0,0,13,0,0,0,0,0,0,3,0,0,0,0,0,0,0,0,0,0,0,0,0,0,12,0,0,0,0,0,0,0,0,0,0,0,0,0,0,0,0,0,0,0,0,0,0,0,0,0,0,0,805
CD,0,0,0,0,7,1,0,1,0,0,0,0,0,0,0,0,0,0,0,363,0,0,0,9,2,0,0,62,0,0,0,0,0,0,0,1319,0,0,0,0,18,6,1,0,0,2,0,0,15,0,0,0,0,0,0,1,3,0,0,0,0,0,1,0,0,0,0,0,0,0,0,0,0,0,0,0,7,8,0,0,59,0,0,0,0,0,1,1219,0,19,0,0,5,0,0,0,0,0,19,0,0,0,0,0,0,0,3,0,0,0,0,0,0,652,270,1450,0,448,0,18,0,0,0,0,0,0,449,0,0,0,0,0,0,1914,598,0,0,0,0,0,144,0,0,700,0,0,0,0,0,0,0,0,6618,169,1368,0,0,0,0,0,0,10,0,0,0,2,243,0,0,75,0,0,1,0,0,0,0,0,0,0,0,5805,1,174,0,0,142,0,0,402,0,0,0,0,0,0,0,0,0,0,0,0,0,0,0,0,0,0,0,0,2,0,0,0,0,0,28,0,5,0,0,0,0,0,0,2,0,2,0,6,0,257,0,0,0,0,0,0,1,0,0,0,0,0,25,1,1,0,0,0,0,0,0,0,0,0,0,0,0,1156
CD,0,0,0,0,89,176,0,5,0,0,0,0,0,0,0,0,0,0,0,476,0,0,0,0,0,0,0,1,0,0,0,0,0,0,0,28,0,0,0,0,0,0,0,0,0,0,0,0,0,0,0,0,0,0,0,0,0,0,76,0,0,0,21,0,2,0,0,0,0,2,0,0,0,0,0,1,5,999,1,0,46,0,0,0,0,0,3,259,0,0,0,0,0,0,0,0,0,0,0,0,0,0,0,0,0,0,0,0,0,0,0,0,0,4,0,7,0,3,0,0,0,0,0,0,0,0,0,0,0,0,0,0,0,0,0,0,0,0,0,0,1,0,0,0,0,0,0,0,0,0,0,0,0,0,1,0,0,0,0,4,0,0,0,0,0,0,74,0,0,1,0,0,0,0,0,0,0,0,0,0,0,0,0,0,0,0,1,0,0,0,0,0,0,0,0,0,0,0,0,0,0,0,0,0,0,0,0,0,0,0,0,0,0,0,0,0,0,0,0,0,0,0,0,0,0,5,0,1,0,3,0,115,0,0,0,0,0,0,36,0,0,0,0,0,0,0,0,2,0,0,0,0,0,1,0,0,0,0,0,0
CD,0,0,0,0,3,0,0,0,0,0,0,0,0,0,0,0,0,0,0,38,0,0,0,0,0,0,0,28,0,0,1,0,0,0,0,2,0,0,0,0,0,0,0,0,0,0,0,0,0,0,0,0,0,0,0,0,0,0,0,0,0,0,2,0,0,0,0,0,0,0,0,0,0,0,0,0,3,0,0,0,0,0,0,0,0,0,100,159,0,0,0,0,178,0,0,0,0,0,1,0,0,0,0,0,0,0,0,0,0,0,0,0,0,66,236,316,0,229,0,0,3,0,0,0,0,0,1333,0,0,0,0,0,0,7,2,0,0,0,0,1,213,0,0,19,0,0,0,0,0,0,0,0,38,3,309,0,0,0,0,0,0,2,0,0,0,0,298,8,0,14,0,1,19,0,0,0,0,0,0,0,0,0,0,0,0,0,0,0,0,0,0,0,0,0,0,0,0,0,0,0,0,0,0,0,0,0,0,0,0,0,0,0,0,0,0,0,0,0,0,0,0,0,0,0,0,0,0,0,0,0,0,55,0,0,0,0,0,0,0,0,1,0,0,0,0,0,0,0,0,0,0,0,0,0,0,0,0,0,0,0
CD,0,0,0,0,1,0,0,0,0,0,0,0,0,0,0,0,0,0,0,280,0,0,0,1,0,0,0,35,0,0,0,0,0,0,0,80,0,0,0,0,0,0,0,0,0,0,0,0,1,0,4,0,0,0,0,1,0,0,0,0,0,0,0,0,0,0,0,0,1,0,0,0,0,0,0,0,0,0,0,0,1,0,0,0,0,0,0,132,0,1,0,0,0,0,0,0,0,0,0,0,0,0,0,0,0,0,1,0,0,0,0,1,0,193,2,239,0,468,2,3,2,0,0,0,0,0,533,2,0,0,0,0,0,0,30,0,0,0,0,0,0,0,0,8,0,0,0,0,31,0,1,0,0,1,76,0,0,0,0,0,0,0,0,0,0,0,6,0,0,5,0,0,0,0,0,0,0,0,0,0,0,0,0,22,0,0,122,0,0,0,0,0,0,0,0,0,0,0,0,0,0,0,0,0,0,0,0,0,0,0,0,0,0,0,0,0,0,0,0,0,0,0,0,0,0,7,0,0,0,234,0,488,0,0,0,0,0,0,11,0,0,0,0,0,0,0,0,3,0,0,0,0,0,0,0,0,0,0,0,0
CD,0,0,0,0,7,0,0,0,0,0,0,0,0,0,0,0,0,0,0,417,0,86,0,0,206,0,0,32,0,15,0,0,0,0,0,302,0,11,0,0,2,12,0,0,0,1,0,0,4,0,18,0,0,0,0,7,4,0,0,0,0,0,0,0,0,0,0,0,0,0,0,0,0,0,0,0,0,0,0,0,0,0,0,0,0,0,1,28,5,211,6,0,24,0,0,0,0,0,0,0,0,0,0,0,0,0,2,0,0,0,2,1,0,401,43,1525,0,33,1,184,596,17,0,0,0,0,182,0,0,0,0,0,0,235,450,0,0,0,0,1,97,0,0,393,0,0,0,1,83,0,887,0,2164,0,562,0,1,0,12,1288,26,21,902,0,0,64,37,0,0,5,10,1,3,0,0,0,0,0,0,0,0,370,1,0,0,0,1,0,0,0,0,0,0,0,0,0,0,0,13,0,0,0,0,0,0,0,0,0,0,0,1,0,0,0,0,0,0,0,0,0,0,0,0,0,0,0,0,0,0,0,0,0,0,0,0,0,0,0,0,0,0,0,0,0,1,0,0,0,0,0,0,0,0,0,0,0,0,0,0,0
CD,0,0,0,0,0,0,0,0,0,0,0,0,0,0,0,0,0,0,0,0,0,0,0,0,0,0,0,0,0,0,0,0,0,0,0,123,0,0,0,0,0,0,0,0,0,0,0,0,0,0,3,0,0,0,0,0,0,0,0,0,0,0,1,0,0,0,0,0,0,0,0,0,0,0,0,0,0,2,0,0,0,0,0,0,0,0,0,0,0,0,0,0,0,0,0,0,0,0,0,0,0,0,0,0,0,0,0,0,0,0,0,0,0,23,0,5,0,994,11,0,1,0,0,0,0,0,106,0,0,0,0,0,0,2,0,0,0,0,0,0,2,0,0,3,0,0,0,0,9,0,1,0,2091,16,0,0,0,0,0,0,0,0,0,0,0,0,0,0,0,6,0,0,0,0,0,0,0,0,0,0,0,5,1,0,0,0,1,0,0,0,0,0,0,0,0,0,0,0,0,0,0,0,0,0,0,0,0,0,0,20,0,0,0,0,0,0,14,0,0,0,0,0,0,0,0,0,0,0,0,0,0,0,0,0,0,0,0,0,0,0,0,0,0,0,0,0,0,0,0,0,0,0,0,0,0,0,0,0,0,0
CD,0,0,0,0,1,0,0,0,0,0,0,0,0,0,0,0,0,0,0,295,0,0,0,0,0,0,0,134,0,0,0,0,0,0,0,347,0,0,0,0,0,0,0,0,0,0,0,0,0,0,0,0,0,0,0,1,1,0,0,0,0,0,0,0,0,0,0,0,0,0,0,0,0,0,0,0,1,0,0,0,1,0,0,1,4,0,0,55,0,49,0,0,1,0,0,0,0,0,0,0,0,0,0,0,0,0,0,0,0,0,0,0,0,619,13,1598,0,210,12,187,223,11,0,0,0,0,387,2,0,0,0,0,0,21,9,0,0,0,0,0,15,0,0,137,0,0,0,0,2,0,168,0,1763,1,590,0,10,0,0,0,0,13,1,0,0,0,360,0,0,0,11,0,3,0,0,0,0,0,0,0,0,465,0,0,108,0,1,0,0,0,0,0,0,0,0,0,0,0,0,0,0,0,0,0,0,0,0,0,0,6,0,0,0,0,0,0,0,0,0,0,0,0,0,0,0,1,0,0,0,0,0,17,0,0,0,1,0,0,0,0,0,0,0,0,1,0,0,0,0,0,0,0,0,0,0,0,0,0,0,0
CD,0,0,0,0,11,0,0,1,0,0,0,0,0,0,1,0,0,0,0,264,0,1,0,0,389,0,0,1,0,0,0,0,0,0,0,32,0,0,0,0,0,0,0,0,0,0,0,0,0,0,0,0,0,0,0,0,0,0,0,0,0,0,58,0,0,0,0,45,0,0,0,0,0,0,0,1,17,430,1,0,539,0,1,0,0,0,2,2109,0,6,0,0,0,0,0,0,0,0,0,0,0,0,0,0,0,0,0,0,0,0,0,0,0,25,26,589,0,10,2,64,110,0,0,0,0,0,68,0,0,0,0,0,0,139,55,0,0,0,0,0,0,0,0,10,0,0,0,0,5,0,1,0,313,1,29,0,0,0,0,2,0,4,89,0,0,3,0,1,0,2,1,0,0,0,0,0,0,0,0,0,0,21,0,0,0,0,0,0,0,0,0,0,0,0,0,0,0,0,0,0,0,0,0,0,0,0,0,0,0,0,0,0,0,0,0,0,0,0,0,0,0,0,0,0,0,0,0,0,0,0,0,328,0,0,0,0,0,0,0,0,0,0,0,0,0,0,0,0,0,0,0,0,0,0,0,0,0,0,0,0
CD,0,0,0,0,5,0,0,0,0,0,0,0,0,0,0,0,0,0,0,11,0,16,0,0,0,0,0,0,0,0,0,0,0,0,0,4,0,0,0,0,0,0,0,0,0,0,0,0,0,0,0,0,0,0,0,0,0,0,0,0,0,0,1,0,0,0,0,0,0,0,0,0,0,0,0,0,1,74,0,0,2,0,0,0,0,0,0,42,0,7,0,0,61,0,0,0,0,0,0,0,0,0,0,0,0,0,1,0,0,0,0,0,0,432,5,1476,0,31,0,475,799,0,0,0,0,0,266,0,0,0,0,0,0,409,34,0,0,0,0,1,37,0,0,2,0,0,0,0,0,0,1,0,1,3,0,0,0,0,0,0,0,0,0,0,0,0,530,0,0,5,0,1,4,0,0,0,0,0,0,0,0,0,0,0,0,0,0,0,0,0,0,0,0,0,0,0,0,0,0,0,0,0,0,0,0,0,0,0,0,0,0,0,0,0,0,0,0,0,0,0,0,0,0,0,0,0,0,15,0,9,0,58,0,0,0,0,0,0,0,0,0,0,0,0,0,0,0,0,0,0,0,0,0,0,0,0,0,0,0,0
CD,0,0,0,0,4,0,0,0,0,0,0,0,0,0,5,0,0,0,0,75,0,0,0,3,0,0,0,0,0,0,0,0,0,0,0,0,0,0,0,0,0,0,0,0,0,0,0,0,0,0,0,0,0,0,0,0,0,0,0,0,0,0,0,0,0,0,0,0,0,0,0,0,0,0,0,2,4,819,0,0,0,0,0,0,0,0,0,60,0,1,0,0,67,0,0,0,0,0,0,0,0,0,0,0,0,0,2,0,0,0,0,0,0,0,0,0,0,0,0,0,0,0,0,1,0,0,2,0,0,0,0,0,0,0,0,0,0,0,0,0,0,0,0,0,0,0,0,0,0,0,0,0,0,0,0,0,0,0,0,0,0,0,0,0,0,0,0,0,0,0,0,3,0,0,0,0,0,0,0,0,0,0,2,0,0,0,0,0,0,3,0,0,0,0,0,0,0,0,0,0,0,0,0,0,0,0,0,0,0,0,0,0,0,0,0,0,0,0,0,0,0,0,0,0,0,0,0,1,0,7,0,0,0,0,0,0,0,0,0,0,0,0,0,0,0,0,0,0,0,0,0,0,0,0,0,0,0,0,0,0
CD,0,0,1,0,5,0,0,2,0,0,0,0,0,0,0,0,0,0,0,605,1,0,0,4,4,0,0,108,0,4,0,0,0,0,0,207,0,7,0,0,0,2,0,0,0,0,0,2,5,0,7,1,0,0,0,0,0,0,0,0,0,0,0,0,0,0,0,0,0,0,0,0,0,0,0,0,2,1,0,0,70,0,0,0,0,0,5,113,0,22,0,0,7,0,0,0,0,0,0,0,0,0,0,0,0,0,0,0,0,1,10,0,0,602,52,1911,0,86,45,342,299,0,0,0,0,0,231,0,0,0,0,0,0,7,521,0,0,0,1,0,15,1,0,103,0,0,0,2,4,0,232,0,157,1,0,0,0,0,1,1,0,15,720,0,0,32,26,0,0,299,12,0,0,0,0,0,0,0,0,0,0,0,0,1,6,0,11,0,0,0,0,0,0,0,0,0,0,0,0,0,0,0,0,0,0,0,0,0,0,0,1,0,0,0,0,0,0,0,0,0,0,0,0,0,0,1,0,0,0,1,0,24,0,0,0,0,0,0,3,0,0,0,0,0,1,0,0,3,0,0,0,0,0,0,0,0,0,0,0,0
CD,0,0,0,0,4,1,0,0,0,0,0,0,0,0,0,0,0,0,0,363,0,4,0,0,0,0,0,0,0,1,0,0,0,0,0,123,0,0,2,0,4,4,0,0,0,0,0,0,0,0,33,0,0,0,0,0,0,0,0,0,0,0,2,0,0,0,0,0,0,0,0,0,0,0,0,0,1,0,0,0,11,0,0,1,0,0,11,292,0,51,0,0,70,0,0,0,0,0,0,0,0,0,1,0,2,1,1,0,0,2,8,0,0,61,27,207,0,108,0,180,228,0,0,0,0,0,115,0,0,0,0,0,0,94,71,0,0,0,15,1,317,0,0,172,0,0,0,0,0,0,211,0,81,0,396,0,0,0,1,304,15,0,27,0,0,1,1,0,0,14,0,0,2,0,0,2,0,0,0,0,0,7,0,0,0,0,0,0,0,0,0,0,0,0,0,0,0,0,0,0,0,0,0,0,0,0,0,0,0,11,0,0,0,0,0,0,0,0,0,0,0,0,0,0,0,0,0,0,0,0,0,6,0,0,0,0,0,0,0,0,0,0,0,0,0,0,0,1,0,0,0,0,0,0,0,0,0,0,0,0
CD,0,0,0,0,6,0,0,3,0,0,0,0,0,0,1,0,0,0,0,9,0,0,0,0,0,0,0,0,0,0,0,0,0,0,0,0,0,0,0,0,0,0,0,0,0,0,0,0,0,0,0,0,0,0,0,2,0,0,0,0,0,0,7,0,0,0,0,0,0,1,0,0,0,0,0,0,12,20,0,0,6,0,0,31,2,0,31,71,0,0,0,0,132,0,0,0,0,0,0,0,0,0,0,0,0,0,0,0,0,0,0,0,0,75,6,862,0,70,0,36,2,0,0,0,0,0,135,0,0,0,0,0,0,940,276,0,0,0,0,0,95,0,0,5,0,0,0,0,0,0,1,0,0,8,49,0,0,0,0,4,0,2,6,0,0,0,71,0,0,26,0,2,0,0,0,0,0,0,0,0,0,17,0,2,0,0,8,0,0,4,0,0,0,0,0,0,0,0,0,0,0,0,0,0,0,0,0,0,0,0,0,0,0,0,0,0,0,0,0,0,0,0,0,0,0,0,0,1,0,0,0,47,0,0,0,0,0,0,1,0,0,0,0,0,0,0,0,0,0,0,0,0,0,0,0,0,0,0,0,0
CD,0,0,0,0,10,0,0,0,0,0,0,0,0,0,1,0,0,0,0,2,0,0,0,0,66,0,0,49,0,3,0,0,0,0,0,1345,0,0,4,0,5,0,0,0,0,0,0,0,0,0,0,0,0,0,0,0,0,0,0,0,0,0,6,0,0,0,0,0,0,0,0,0,0,0,0,0,6,0,0,0,2,0,0,0,0,0,0,127,0,26,0,0,1,0,0,0,0,0,0,0,0,0,1,0,0,0,0,0,0,0,16,0,0,450,1,2904,0,289,0,140,0,0,0,0,0,0,271,9,0,0,0,0,0,567,369,0,0,0,0,0,0,0,0,167,0,0,0,0,120,0,137,0,1539,5,0,0,0,0,0,0,0,28,0,0,0,0,50,13,0,22,5,1,0,0,0,5,0,0,0,0,0,0,0,0,0,0,0,0,0,0,0,0,0,0,0,0,0,0,0,0,0,0,0,1,0,0,0,0,0,0,0,0,0,0,0,0,1,0,0,0,0,0,0,0,0,0,0,0,0,0,0,1,0,0,0,0,0,0,0,0,0,0,0,0,0,0,0,0,0,0,0,0,0,0,0,0,0,0,0,0
CD,0,0,0,0,2,0,0,0,0,0,0,0,0,0,0,0,0,0,0,0,0,0,0,1,0,0,0,0,0,0,0,0,0,0,0,742,0,0,0,0,0,0,0,0,0,0,0,0,0,0,0,1,0,0,0,1,0,0,0,0,0,0,6,0,0,0,0,0,0,0,0,0,0,2,0,0,3,5,0,0,0,0,0,1,0,0,0,4,0,0,0,0,1,0,0,0,0,0,0,0,0,0,0,0,0,0,0,0,0,0,0,0,0,512,0,774,0,25,0,0,3,0,0,0,0,0,229,0,0,0,0,0,0,16,0,0,0,0,0,0,8,0,0,0,0,0,0,0,8,0,0,0,851,0,0,0,0,0,0,0,0,0,0,0,0,0,60,0,0,4,0,0,24,0,0,0,0,0,0,0,0,0,0,2,0,0,32,0,0,56,0,0,0,0,0,0,0,0,0,0,0,0,0,0,0,0,0,0,0,0,0,0,0,0,0,0,0,0,0,0,0,0,0,0,0,0,0,0,0,0,0,28,0,0,0,0,0,0,0,0,1,0,0,0,3,0,2,12,0,0,0,0,0,0,0,0,0,0,0,0
CD,0,0,0,0,8,7,0,0,0,0,0,0,0,0,1,2,0,0,0,1003,0,0,0,0,0,0,0,134,0,0,0,0,0,0,151,1415,0,0,0,0,0,0,290,0,2,4,0,0,13,0,87,0,0,4,0,0,0,0,0,0,0,0,232,0,0,0,0,1,0,0,0,0,0,0,1,4,11,0,0,0,0,0,0,0,0,0,5,217,0,1093,1,0,269,0,0,0,0,2,104,0,0,15,210,0,0,0,0,0,0,7,40,0,0,1172,109,2201,0,458,220,155,641,0,0,0,0,0,779,11,0,0,0,0,0,383,3,0,0,0,52,0,42,124,0,836,0,0,0,15,10,0,421,0,343,136,1546,0,18,0,13,164,0,155,13,0,0,3,134,199,0,565,0,2,0,0,0,0,0,0,0,0,0,611,7,0,0,0,1,0,0,43,0,0,0,0,0,0,0,0,0,0,0,0,0,0,0,0,0,0,0,3,14,0,0,0,0,0,0,0,0,0,0,0,3,0,0,0,0,9,0,1,0,0,0,0,0,0,0,0,0,0,42,0,4,0,0,0,0,1,0,0,0,0,0,0,0,0,0,0,0,0
CD,0,0,1,0,4,0,0,0,0,0,0,0,0,0,0,0,0,0,0,176,0,0,0,2,54,0,0,10,0,0,0,0,0,0,0,147,0,0,0,0,0,7,0,0,0,0,0,0,0,0,0,0,0,0,0,1,0,0,0,0,0,0,5,0,0,0,0,0,0,0,0,0,0,0,0,0,1,2,0,0,691,0,0,0,0,0,12,562,0,0,0,0,59,0,0,0,0,0,0,0,0,0,0,0,0,0,1,0,0,0,0,0,0,156,168,814,0,83,6,5,684,0,0,0,0,0,908,0,0,0,0,0,0,177,324,0,0,0,0,0,85,0,0,7,0,0,0,0,0,0,0,0,163,0,1,0,0,0,0,0,0,1,0,0,0,0,32,0,0,3,0,0,0,0,0,0,0,0,0,17,0,6,24,7,0,0,258,0,0,2,0,0,0,0,0,0,0,0,0,0,0,0,0,0,0,0,0,0,0,1,0,0,0,0,0,0,5,0,0,0,0,0,0,0,0,32,0,4,0,3,0,372,0,0,0,0,0,0,50,0,0,0,0,0,0,0,0,0,0,0,0,0,0,0,0,0,0,0,0,0
CD,0,0,0,0,4,0,0,0,0,0,0,0,0,0,0,0,0,0,0,376,0,0,0,0,83,0,0,18,0,0,0,0,0,0,0,6,0,0,0,0,0,0,0,0,0,0,0,0,0,0,0,0,0,0,0,0,0,0,0,0,0,0,1,0,0,0,0,0,2,0,0,0,0,0,0,0,1,2,0,0,15,0,0,0,0,0,12,1279,32,67,0,0,30,0,0,0,0,0,1,0,0,0,0,0,0,0,3,0,0,2,2,0,0,351,29,961,0,171,0,92,2,0,0,0,0,0,118,0,0,0,0,0,0,1483,14,0,0,0,0,0,84,0,0,158,0,0,0,0,19,1,51,0,3654,2,0,0,3,0,0,161,0,63,3,0,0,0,25,9,0,10,0,0,0,0,0,0,0,0,0,3,0,209,0,0,0,0,0,0,0,3,0,0,0,0,0,0,0,0,0,0,0,0,0,1,0,0,0,0,0,0,0,0,0,0,0,0,0,0,0,0,0,0,0,0,0,0,0,0,0,0,0,8,0,0,0,2,0,0,0,0,0,0,0,0,0,0,0,0,0,0,0,0,0,0,0,0,0,0,0,427
CD,0,0,0,0,2,1,0,2,0,0,0,0,0,0,0,0,0,0,0,323,0,0,0,0,13,0,0,0,0,0,0,1,0,0,0,5,0,0,0,0,0,0,0,0,0,0,0,0,0,0,0,0,0,0,0,0,0,0,0,0,0,0,0,0,0,0,0,1,0,0,2,0,0,0,0,2,4,358,1,0,550,0,0,0,0,0,1,293,0,0,0,0,0,0,0,0,0,0,0,0,0,0,2,0,0,0,0,0,0,0,0,0,0,0,2,6,0,1,0,0,4,0,0,0,0,0,64,0,0,0,0,0,0,2,18,0,0,0,0,0,0,0,0,7,0,0,0,0,4,0,0,0,4,0,0,0,0,0,0,0,0,0,104,0,0,0,12,0,0,1,0,0,0,0,0,0,0,0,0,0,0,29,0,0,0,0,0,0,0,0,0,0,0,0,0,0,0,0,0,0,0,0,0,0,0,0,0,0,0,0,0,0,0,0,0,0,0,0,0,0,0,0,0,0,0,0,0,0,0,0,0,7,0,0,2,0,0,0,1,0,0,0,0,0,0,0,0,4,2,0,0,0,0,0,0,0,0,0,0,0
CD,0,0,0,0,6,0,0,1,0,0,0,0,0,0,0,0,0,0,0,101,1,11,0,0,8,0,0,10,0,0,0,0,0,0,0,73,0,0,0,0,0,0,0,0,0,0,0,0,0,0,0,0,0,0,0,0,1,0,0,0,0,0,5,0,0,0,0,0,0,0,0,0,0,0,0,1,3,0,0,0,0,0,0,0,0,0,0,510,0,26,0,0,2,0,0,0,0,0,0,0,0,0,0,0,0,0,0,0,0,0,0,0,0,25,21,957,0,569,154,2,183,0,0,0,0,0,93,0,0,0,0,0,0,5,58,0,0,0,0,0,0,0,0,49,0,0,0,1,7,0,2,0,29,2,0,0,2,0,0,0,0,162,0,0,0,194,7,5,0,2,0,0,0,0,0,0,0,0,0,0,0,3,3,0,0,0,0,0,0,2,0,0,0,0,0,0,0,0,0,0,0,0,0,0,0,0,0,0,0,0,0,0,0,0,0,0,1,0,0,0,0,0,0,0,0,0,0,0,0,0,0,44,0,0,0,0,0,0,0,0,0,0,0,0,0,0,0,6,0,0,0,1,0,0,0,0,0,0,0,0
CD,0,0,0,0,5,1,0,0,0,0,0,0,0,0,1,0,0,0,1,123,0,0,0,0,0,0,0,3,0,11,0,2,0,0,0,772,0,0,1,0,0,2,1,0,0,0,0,0,5,0,0,0,0,0,0,0,6,0,0,0,0,0,2,0,0,0,0,0,0,0,0,0,0,0,0,0,0,0,0,0,0,0,0,0,0,0,1,460,2,221,0,1,3,0,0,0,0,0,1,0,0,0,0,0,0,0,2,3,0,2,28,4,0,844,33,2182,0,266,7,199,976,0,0,0,0,0,269,2,0,0,0,0,0,1260,250,0,0,0,0,0,40,22,0,267,1,0,0,4,12,0,52,0,1019,61,622,0,4,0,3,1401,3,8,1,0,0,347,2,3,0,47,7,1,9,0,0,390,0,0,0,0,0,2,0,0,0,0,13,0,0,2,0,0,0,0,0,0,0,0,0,0,0,0,0,0,0,0,0,0,0,0,0,0,0,0,0,0,4,2,2,0,0,0,0,0,0,1,0,0,0,2,0,6,0,0,0,0,0,0,0,0,0,0,0,0,3,0,0,0,0,0,0,0,0,0,0,0,0,0,0,0
CD,0,0,0,0,1,4,0,0,0,0,0,0,0,0,0,0,0,0,0,4,0,0,0,3,0,0,0,0,0,0,0,0,0,0,0,428,0,0,0,0,0,0,3,0,0,0,0,0,2,0,0,2,0,0,0,0,0,0,0,0,0,0,185,0,0,0,0,0,1,0,0,0,0,0,0,1,16,0,0,0,0,0,0,0,0,0,0,7,0,3,0,0,1,0,0,0,0,0,4,0,0,3,6,0,0,0,0,0,0,0,0,0,2,0,1,1,0,0,1,0,0,0,0,0,0,0,0,0,0,0,0,0,0,0,0,0,0,0,1,0,0,48,0,0,0,0,0,0,0,0,0,0,8,0,0,0,0,0,0,0,0,0,0,0,0,0,0,0,0,0,0,0,0,0,0,0,0,0,0,0,0,6,0,1,0,0,303,0,0,0,0,0,0,0,0,0,0,0,0,0,0,0,0,0,0,0,0,0,0,0,0,5,0,0,0,0,0,0,1,0,0,0,0,0,0,0,0,0,0,3,0,733,0,0,0,0,0,0,0,0,319,0,0,0,4,60,1917,2,0,0,0,2,0,0,0,0,0,0,0,0
nonIBD,0,0,0,0,1,0,0,0,0,0,0,0,0,0,0,0,0,0,0,135,0,17,0,0,72,0,0,0,0,1,0,5,0,0,0,2786,0,36,0,0,8,136,0,0,0,0,0,0,0,0,555,0,0,0,0,0,15,0,0,0,0,0,2,0,0,0,0,0,0,0,0,0,0,0,0,0,1,0,0,0,0,0,0,0,0,0,1,72,13,143,0,1,1,0,0,0,0,0,0,0,0,4,0,0,0,5,1,2,0,0,17,0,0,482,39,567,0,164,53,67,50,2,0,0,0,0,121,0,0,0,0,0,0,879,171,0,0,0,0,0,30,0,0,334,7,0,0,2,18,0,25,0,1607,23,1034,0,146,0,9,1236,64,19,279,0,0,16,17,0,0,0,3,0,6,0,0,303,0,0,0,0,0,0,0,0,0,0,1,0,0,0,0,0,0,0,0,0,0,1,0,0,0,0,0,0,0,0,0,0,0,13,12,0,0,0,0,0,26,0,0,0,0,0,0,0,0,0,0,16,0,1,0,0,0,0,0,0,0,0,0,0,0,0,0,0,4,0,0,0,0,0,0,0,0,0,0,0,0,0,0,0
CD,0,0,0,0,12,0,0,0,0,0,0,0,0,0,0,0,0,0,0,427,0,2,0,2,166,0,0,37,0,0,0,0,0,0,0,2853,0,0,0,0,0,12,1,0,0,2,0,0,6,0,5,0,0,0,0,0,5,0,0,0,0,0,27,0,0,0,0,2,0,0,0,0,0,0,0,0,0,0,0,0,5,0,0,0,0,0,1,389,5,85,0,0,95,0,0,0,0,0,0,0,0,0,1,0,0,0,1,0,0,0,1,0,0,1801,135,655,0,434,151,312,942,11,0,0,0,0,654,0,0,0,0,0,0,3195,1418,0,0,0,0,1,323,0,0,159,0,0,0,0,79,0,1,0,3003,17,977,0,27,0,5,49,0,2,1425,0,0,115,61,2,0,34,16,0,69,0,1,0,0,0,0,0,0,21,0,2,0,1,2057,0,0,16,0,0,0,0,0,0,0,0,0,0,0,0,0,0,0,0,0,0,0,172,0,7,0,0,0,0,9,0,0,0,0,0,0,0,0,0,0,0,0,4,0,167,0,0,0,0,0,0,0,0,13,0,0,1,1571,7,0,0,0,0,0,0,0,0,0,0,0,0,0,0
CD,0,0,0,0,3,0,0,0,0,0,0,0,0,0,0,0,0,0,0,590,0,0,0,0,0,0,0,32,0,0,0,0,0,0,0,4911,10,181,0,0,22,24,0,0,0,4,0,0,9,0,49,0,0,0,0,0,0,0,0,0,0,0,1,0,0,0,0,0,0,0,0,0,0,0,0,3,0,0,0,0,0,0,0,0,0,0,0,20,0,18,0,0,0,0,0,0,0,0,0,0,0,0,0,0,0,0,0,0,0,0,0,0,0,404,12,211,0,604,3,243,516,0,0,0,0,0,766,0,0,0,0,0,0,35,1473,0,0,0,0,0,19,0,0,39,0,0,0,1,13,0,8,0,3894,243,681,0,4,0,1,0,0,4,370,0,0,27,12,0,0,9,3,1,0,0,0,0,0,0,0,0,0,805,3,2,0,0,240,0,0,1,0,0,0,0,0,0,0,0,0,0,0,0,0,0,0,0,0,0,0,53,2,18,0,0,0,0,260,0,0,0,0,0,0,0,0,0,0,0,0,0,0,78,0,0,0,0,0,0,0,0,1,0,1,0,10,1,0,0,0,0,0,0,0,0,0,0,0,0,0,0
CD,0,0,0,0,27,0,0,7,0,0,0,0,0,0,1,0,0,0,0,0,0,15,0,2,154,0,0,2,0,4,0,21,0,0,0,299,0,107,0,0,14,18,1,0,0,0,0,0,36,0,167,0,0,0,0,0,43,0,0,0,0,0,1,0,0,0,0,0,0,0,0,0,0,0,0,0,0,0,0,0,0,0,5,0,0,0,1,29,38,558,0,79,21,0,0,0,0,0,0,0,0,1,0,0,7,54,2,0,0,4,3,0,0,367,59,2500,0,324,32,1578,1158,8,0,0,1,0,479,0,0,0,0,0,0,44,902,0,0,0,0,0,135,0,0,1211,4,0,1,0,2,0,212,0,2838,3,1836,2,9,0,16,119,20,77,426,0,0,18,13,0,0,62,35,3,20,0,0,68,0,0,0,0,0,0,0,0,0,0,1,0,0,1,0,0,7,0,0,0,0,0,3,0,0,0,0,0,0,0,0,0,0,0,5,0,0,0,0,0,13,8,0,0,0,0,0,0,0,0,0,0,0,0,0,0,0,0,0,0,0,0,0,0,0,0,0,0,0,0,0,0,0,0,0,1,0,0,0,0,0,0,0,73
CD,0,0,0,0,4,0,0,0,0,0,0,0,0,0,0,0,0,0,0,627,0,36,0,0,234,0,0,17,0,6,0,0,0,0,0,902,0,7,8,0,0,3,0,0,0,0,0,0,103,0,93,0,0,0,0,0,172,0,0,0,0,0,1,0,0,0,0,0,0,0,0,0,0,0,0,1,7,0,0,0,0,0,0,0,1,0,35,144,3,46,0,3,84,0,0,0,0,0,0,0,0,2,0,0,0,7,1,0,0,0,3,0,0,128,162,972,0,54,22,300,247,0,0,0,0,0,357,2,0,0,0,0,0,357,190,0,0,0,0,0,61,4,0,255,0,0,0,0,3,0,94,0,3879,13,17,0,96,0,25,50,5,9,245,0,0,17,5,1,0,67,8,0,5,0,0,30,0,0,0,0,0,1199,0,0,0,0,6,0,0,0,0,0,0,0,0,0,0,0,0,0,0,0,0,0,0,0,0,0,0,2,33,0,0,0,0,0,1,0,0,0,0,0,0,0,0,0,0,0,0,0,0,32,0,0,0,0,0,0,0,0,0,0,0,0,11,0,1,0,0,0,0,0,0,0,0,0,0,0,0,0
CD,0,0,0,0,2,0,0,0,0,0,0,0,0,0,0,0,0,0,0,2,0,0,0,17,0,0,0,15,0,0,0,0,0,0,0,3975,0,0,0,0,0,2,16,0,0,0,0,0,80,0,0,0,0,0,0,0,0,0,0,0,0,0,8,0,0,0,0,1,0,0,0,0,0,0,0,0,3,0,0,0,0,0,0,0,0,0,0,2,0,26,0,0,0,0,0,0,0,0,2,2,0,0,12,0,0,0,5,0,0,0,0,0,0,31,3,1,0,793,177,0,1,0,0,0,0,0,1055,0,0,13,0,0,0,0,0,0,0,0,5,0,0,111,0,0,0,0,0,0,0,0,0,0,296,12,0,0,0,0,0,0,0,2,0,0,0,0,455,0,0,2,0,0,0,0,0,0,0,0,0,0,0,135,0,0,0,0,31,11,700,225,0,0,0,0,0,0,0,0,0,0,0,0,0,0,0,0,0,0,0,0,203,1,0,0,0,0,35,0,0,0,0,0,0,0,0,0,0,0,0,0,0,667,0,0,0,0,0,0,0,0,0,0,0,0,0,0,0,0,0,0,0,0,0,0,0,0,0,0,0,0
CD,0,0,0,0,1,0,0,0,0,0,0,0,0,0,1,0,0,0,0,53,0,3,0,0,5,0,0,5,0,1,0,3,0,0,0,6434,0,29,0,0,12,135,0,0,0,0,0,0,13,0,20,0,0,0,0,0,0,0,0,0,0,0,2,0,0,0,0,0,0,0,0,0,0,0,0,0,1,0,0,0,0,0,0,0,0,0,0,4,0,42,0,0,24,0,0,0,0,0,0,0,0,0,0,0,0,2,0,0,0,0,15,0,0,323,21,116,0,300,48,42,549,0,0,0,0,0,405,0,0,0,0,0,0,703,395,0,0,0,0,0,138,0,0,126,1,0,0,0,19,0,1,0,2376,168,170,0,15,0,19,29,0,12,104,0,0,11,7,35,0,11,13,0,0,0,0,101,0,0,0,0,0,0,1,0,0,0,19,0,0,5,0,0,0,0,0,0,0,0,0,0,0,0,0,0,0,0,0,0,0,683,0,0,0,0,78,0,193,0,1,0,0,0,0,0,0,0,0,0,0,0,0,0,0,0,0,0,0,0,0,0,39,4,4,0,578,7,0,0,0,0,0,0,0,0,0,0,0,0,0,16
CD,0,0,0,0,11,0,0,0,0,0,0,0,0,0,4,0,0,0,0,336,0,0,0,15,30,0,0,27,0,0,0,0,0,0,0,3225,18,0,0,0,32,25,0,0,0,0,0,10,5,0,358,0,0,0,0,0,13,0,0,0,0,0,3,0,0,0,0,0,0,0,0,0,0,0,0,0,6,0,0,0,4,0,0,0,0,0,2,1006,1,109,0,1,7,0,0,0,0,0,0,0,0,0,7,0,36,0,2,0,0,0,0,0,0,495,196,213,0,795,634,110,874,6,0,0,0,0,300,0,0,0,0,0,0,37,1275,0,0,0,0,0,29,0,0,284,5,0,0,2,135,0,264,0,5691,74,456,0,90,0,6,427,12,10,1684,0,0,117,40,0,0,5,1,1,8,0,0,15,0,2,0,0,0,268,3,7,0,0,2416,0,0,112,0,0,0,0,0,0,0,0,0,0,0,0,0,0,0,0,0,0,0,0,16,0,0,0,0,0,2,0,0,0,0,0,1,0,0,0,0,0,0,0,0,6,0,0,0,0,0,0,0,0,1,0,0,0,220,0,0,0,0,0,0,0,0,0,0,0,0,0,0,7
CD,0,0,0,0,3,0,0,0,0,0,0,0,0,0,1,0,0,0,0,225,0,0,0,0,0,0,0,0,0,0,0,0,0,0,0,2,0,0,0,0,0,0,0,0,0,0,0,0,11,0,0,0,0,0,0,0,0,0,0,0,0,0,6,0,0,0,0,2,1,0,0,0,0,0,0,1,10,591,1,0,24,0,27,0,1,0,11,134,0,0,0,0,3,0,0,0,0,0,0,0,0,0,0,0,0,0,0,0,0,0,0,0,0,0,0,0,0,0,0,0,0,0,0,0,0,0,0,0,0,0,0,0,0,0,0,0,0,0,0,0,0,0,0,0,0,0,0,0,0,0,0,0,1,0,0,0,0,0,0,0,0,0,0,0,0,1,15,0,0,0,0,0,0,0,1,0,0,0,0,0,0,0,1,0,0,0,0,0,0,1,0,0,0,0,0,0,0,0,0,0,0,0,0,0,0,0,0,0,0,2,2,0,0,0,0,0,0,0,0,0,0,0,0,0,0,12,0,5,0,274,0,498,0,0,172,0,113,0,4,0,0,0,0,0,0,0,0,2,0,0,0,0,0,0,0,0,0,0,0,0
CD,0,0,0,0,5,0,0,0,0,0,0,0,0,0,0,0,0,0,0,1484,0,0,0,5,2,0,0,111,0,4,0,0,0,0,0,103,0,1,0,0,0,3,0,0,0,0,0,0,0,0,0,0,0,0,0,1,0,0,0,0,0,0,18,0,0,0,0,0,0,1,0,0,0,0,0,0,3,0,0,0,0,0,0,0,0,0,2,84,0,42,0,0,2,0,0,0,0,0,0,0,0,5,0,0,0,0,4,0,0,3,4,0,0,367,368,2402,0,343,339,724,1985,0,0,0,0,0,778,5,0,0,0,0,0,74,1506,0,0,0,0,0,3,0,0,231,0,0,0,0,415,0,71,0,2381,13,1977,0,3,0,0,0,0,74,3436,0,0,229,167,9,0,13,0,0,3,0,0,0,0,0,0,0,0,2686,0,0,0,0,119,0,0,7,0,0,0,0,0,0,0,0,0,0,0,0,0,1,0,0,0,0,0,0,1,0,0,0,0,0,0,0,0,0,0,0,0,0,0,0,0,0,0,0,0,27,0,0,0,0,0,0,0,0,0,0,0,0,4,0,0,0,0,0,0,0,0,0,0,0,0,0,0,0
nonIBD,0,0,4,0,12,0,0,0,0,0,0,0,0,0,0,0,0,0,0,217,0,0,0,1,127,0,0,0,0,0,0,0,0,0,0,686,0,0,6,0,0,55,0,0,0,2,0,0,8,0,0,0,0,0,0,0,0,0,0,0,0,0,1,0,0,0,0,0,0,0,0,0,0,0,0,1,3,11,0,0,12,0,0,0,1,0,5,135,0,0,0,0,21,0,0,0,0,0,0,0,0,0,2,0,0,0,1,0,0,0,1,0,0,62,5,174,0,1203,1,0,96,0,0,0,0,0,102,0,0,0,0,0,0,26,77,0,0,0,0,0,83,0,0,44,0,0,0,6,5,0,3,0,0,25,0,0,0,0,0,0,0,161,0,0,0,3,24,0,0,55,18,0,1,0,0,0,0,0,0,2,0,1,3,24,0,0,0,0,0,42,0,0,0,0,0,0,0,0,0,0,0,0,0,0,0,0,0,0,0,1,0,0,0,0,0,0,0,0,0,0,0,0,0,0,0,0,0,8,31,3,0,599,0,0,10,0,1,0,2,0,0,0,0,0,7,0,0,0,0,0,0,0,0,0,0,0,0,0,0,0
nonIBD,0,0,0,0,23,0,0,0,0,0,0,0,0,0,2,0,0,0,0,0,0,17,0,1,0,0,0,94,2,0,0,0,0,0,0,4040,0,21,0,0,0,1,0,0,0,1,0,0,17,0,4,0,0,0,0,40,133,0,0,0,0,0,3,0,0,0,0,0,4,0,0,0,1,0,0,0,0,36,0,0,9,0,0,0,0,0,2,287,4,92,0,4,30,0,0,0,0,0,0,0,0,0,0,0,0,0,0,0,0,3,17,0,0,1942,349,3077,1,689,212,569,690,15,0,1,0,0,760,0,0,0,0,0,0,7286,296,0,0,0,0,0,36,0,0,280,1,0,0,0,159,0,320,0,16390,119,1,0,43,0,4,3714,42,20,603,0,0,72,95,70,0,111,31,1,79,0,0,0,0,0,0,0,0,4493,3,0,0,0,73,0,0,0,0,0,0,4,0,0,0,0,0,0,0,0,0,0,0,0,0,0,0,0,3,0,0,0,0,0,23,0,0,0,0,0,0,0,0,0,0,0,0,8,0,3,0,0,0,0,0,0,0,0,2,29,0,0,415,0,0,0,0,0,0,0,0,0,0,0,0,0,0,1292
CD,0,0,0,0,0,0,0,0,0,0,0,0,0,0,0,0,0,0,0,0,0,0,0,0,0,0,0,0,0,0,0,0,0,0,0,3210,0,0,0,0,0,55,0,0,0,2,0,0,13,0,0,0,0,0,0,0,0,0,0,0,0,0,0,0,0,0,0,0,0,0,0,0,0,0,0,0,2,0,0,0,0,0,0,0,0,0,0,3,0,0,0,0,64,0,0,0,0,0,0,0,0,0,0,0,0,0,12,0,0,0,0,0,0,0,0,0,0,573,0,0,0,0,0,1,0,0,0,0,0,0,0,0,0,0,0,0,0,0,0,3,253,0,0,15,0,0,0,0,4,0,0,0,2306,0,0,0,0,0,0,0,0,0,0,0,0,6,0,0,0,0,0,1,1,0,0,22,0,0,0,0,0,0,3,0,0,0,122,0,0,4,0,0,0,0,0,0,0,0,0,0,0,0,0,0,0,0,0,0,0,0,29,0,0,0,0,0,4,8,0,0,0,0,0,0,0,9,0,0,0,3,0,12,0,0,0,0,0,0,63,0,4,0,0,0,251,0,0,0,0,0,0,0,0,0,0,0,0,0,0,0
