Status,Prevotella_copri,Alistipes_putredinis,Bacteroides_plebeius,Sutterella_wadsworthensis,Bacteroides_uniformis,Faecalibacterium_prausnitzii,Bacteroides_coprocola,Klebsiella_pneumoniae,Oscillibacter_unclassified,Parabacteroides_merdae,Escherichia_unclassified,Escherichia_coli,Bacteroides_vulgatus,Roseburia_hominis,Paraprevotella_unclassified,Eubacterium_rectale,Megamonas_unclassified,Roseburia_inulinivorans,Dialister_invisus,Bacteroides_ovatus,Megamonas_hypermegale,Paraprevotella_clara,Subdoligranulum_unclassified,Bacteroides_caccae,Pyramidobacter_piscolens,Bacteroides_thetaiotaomicron,Bacteroides_dorei,Burkholderiales_bacterium_1_1_47,Collinsella_aerofaciens,Eubacterium_eligens,Desulfovibrio_desulfuricans,Eubacterium_ventriosum,Bifidobacterium_adolescentis,Parasutterella_excrementihominis,Ruminococcus_callidus,Bacteroides_xylanisolvens,Murine_osteosarcoma_virus,Bifidobacterium_bifidum,Bacteroides_intestinalis,Roseburia_intestinalis,Flavonifractor_plautii,Prevotella_stercorea,Veillonella_unclassified,Haemophilus_parainfluenzae,Megamonas_rupellensis,Bifidobacterium_longum,Paraprevotella_xylaniphila,Lachnospiraceae_bacterium_7_1_58FAA,Bacteroides_faecis,Lactobacillus_murinus,Megamonas_funiformis,Bacteroides_stercoris,Bacteroides_nordii,Holdemania_unclassified,Parabacteroides_distasonis,Bacteroides_fragilis,Phascolarctobacterium_succinatutens,Alistipes_shahii,Bacteroidales_bacterium_ph8,Alistipes_onderdonkii,Odoribacter_splanchnicus,Parabacteroides_unclassified,Desulfovibrio_piger,Eubacterium_siraeum,Alistipes_finegoldii,Alistipes_senegalensis,Megasphaera_unclassified,Coprococcus_comes,Dorea_longicatena,Mitsuokella_unclassified,Bacteroides_finegoldii,Clostridium_hathewayi,Bilophila_unclassified,Megasphaera_elsdenii,Ruminococcus_bromii,Barnesiella_intestinihominis,Ruminococcus_torques,Mitsuokella_multacida,Alistipes_indistinctus,Parabacteroides_goldsteinii,Oxalobacter_formigenes,Catenibacterium_mitsuokai,Bacillus_cereus_thuringiensis,Ruminococcus_obeum,Veillonella_parvula,Eubacterium_biforme,Bilophila_wadsworthia,Lachnospiraceae_bacterium_3_1_46FAA,Coprococcus_catus,Parabacteroides_johnsonii,Dialister_succinatiphilus,Clostridium_nexile,Bacteroides_eggerthii,Methanobrevibacter_smithii,Raoultella_ornithinolytica,Lachnospiraceae_bacterium_1_1_57FAA,Bacteroides_salyersiae,Bacteroides_massiliensis,Lachnospiraceae_bacterium_8_1_57FAA,Ruminococcus_lactaris,Clostridium_perfringens,Butyricimonas_synergistica,Clostridium_leptum,Collinsella_intestinalis,Bifidobacterium_pseudocatenulatum,Streptococcus_thermophilus,Shigella_sonnei,Eubacterium_ramulus,Streptococcus_salivarius,Klebsiella_unclassified,Lactobacillus_salivarius,Clostridium_bolteae,Dorea_formicigenerans,Bacteroides_cellulosilyticus,Ruminococcus_gnavus,Collinsella_unclassified,Fusobacterium_mortiferum,Roseburia_unclassified,Dorea_unclassified,Odoribacter_unclassified,Plectrovirus_unclassified,Lachnospiraceae_bacterium_2_1_58FAA,Enterobacter_cloacae,Porcine_type_C_oncovirus,Eggerthella_unclassified,Streptococcus_mitis_oralis_pneumoniae,Lachnospiraceae_bacterium_1_4_56FAA,Bacteroides_clarus,Peptostreptococcaceae_noname_unclassified,Eubacterium_hallii,Lachnospiraceae_bacterium_5_1_63FAA,Granulicatella_unclassified,Clostridiales_bacterium_1_7_47FAA,Granulicatella_elegans,Anaerostipes_hadrus,Bifidobacterium_catenulatum,Clostridium_bartlettii,Alistipes_unclassified,Acidaminococcus_unclassified,Ruminococcaceae_bacterium_D16,Clostridium_sp_ATCC_BAA_442,Coprococcus_sp_ART55_1,Anaerotruncus_colihominis,Anaerotruncus_unclassified,Clostridium_symbiosum,Streptococcus_australis,Holdemania_filiformis,Clostridiaceae_bacterium_JC118,Clostridium_asparagiforme,Stenotrophomonas_maltophilia,Streptococcus_infantis,Bacteroides_coprophilus,Streptococcus_sanguinis,Adlercreutzia_equolifaciens,Clostridium_citroniae,Stenotrophomonas_unclassified,Chicken_anemia_virus,Alistipes_sp_AP11,Akkermansia_muciniphila,Citrobacter_unclassified,Citrobacter_freundii,Gordonibacter_pamelaeae,Succinatimonas_hippei,Lachnospiraceae_bacterium_2_1_46FAA,Eggerthella_lenta,Veillonella_atypica,Torque_teno_virus,Orthohepadnavirus_unclassified,Megasphaera_micronuciformis,Streptococcus_parasanguinis,Veillonella_dispar,Streptococcus_cristatus,Eikenella_corrodens,Aggregatibacter_unclassified,Pseudomonas_mendocina,Aeromonas_unclassified,Elizabethkingia_unclassified,Alcaligenes_unclassified,Coprobacter_fastidiosus,Lautropia_mirabilis,Aeromonas_caviae,Haemophilus_sputorum,Bifidobacterium_breve,Acidaminococcus_fermentans,Rothia_mucilaginosa,Actinomyces_graevenitzii,Pseudomonas_unclassified,Rahnella_unclassified,Turicibacter_unclassified,Rahnella_aquatilis,Neisseria_unclassified,Slackia_piriformis,Bacteroides_sp_4_3_47FAA,Butyrivibrio_crossotus,Vibrio_phage_pYD38_A,Ruminococcus_champanellensis,Coprococcus_eutactus,Blautia_producta,Clostridium_clostridioforme,Fusobacterium_ulcerans,Coriobacteriaceae_bacterium_phI,Bacteroides_oleiciplenus,Lachnospiraceae_bacterium_3_1_57FAA_CT1,Coprobacillus_unclassified,Eubacterium_dolichum,Lachnospiraceae_bacterium_6_1_63FAA,Citrobacter_koseri,Enterococcus_faecalis,Lactobacillus_ruminis,Lactobacillus_plantarum,Bifidobacterium_dentium,Porphyromonas_bennonis,Gardnerella_vaginalis,Porphyromonas_asaccharolytica,Erysipelotrichaceae_bacterium_2_2_44A,Porphyromonas_uenonis,Clostridium_innocuum,Bacteroides_sp_2_1_22,Enterobacteria_phage_HK633,Enterobacteria_phage_PsP3,Klebsiella_oxytoca,Enterobacter_aerogenes,Campylobacter_showae,Enterobacter_asburiae,Collinsella_tanakaei,Acidaminococcus_intestini,Cetobacterium_somerae,Enterobacteria_phage_HK544,Lactobacillus_crispatus,Lactobacillus_gasseri,Streptococcus_anginosus,Parascardovia_denticolens,Lactobacillus_fermentum,Lactobacillus_oris,Streptococcus_vestibularis,Streptococcus_infantarius,Alloscardovia_omnicolens,Fusobacterium_nucleatum,Lachnospiraceae_bacterium_5_1_57FAA,Pseudoflavonifractor_capillosus,Clostridium_scindens,Clostridium_ramosum,Erysipelotrichaceae_bacterium_6_1_45,Selenomonas_bovis,Bacteroides_sp_3_1_19,Aeromonas_veronii,Weissella_confusa,Helicobacter_pullorum,Saccharomyces_cerevisiae,Vibrio_furnissii,Enterobacteriaceae_bacterium_9_2_54FAA,Hafnia_alvei,Pseudomonas_aeruginosa,Lactobacillus_mucosae,Enterococcus_faecium,Actinobacillus_unclassified,Campylobacter_concisus,Halomonas_unclassified,Blautia_hydrogenotrophica,Actinomyces_odontolyticus,Halomonas_stevensii,Olsenella_unclassified,Sutterella_parvirubra,Lactococcus_lactis,Ruminococcus_sp_5_1_39BFAA,Burkholderia_unclassified,Weissella_cibaria,Cardiobacterium_hominis,Subdoligranulum_sp_4_3_54A2FAA,Clostridium_methylpentosum,Scardovia_wiggsiae,Erysipelotrichaceae_bacterium_3_1_53,Bacteroides_fluxus,Torque_teno_virus_10,Weissella_unclassified,Klebsiella_variicola,Enterobacter_mori,Lactobacillus_delbrueckii,Eubacterium_limosum,Aggregatibacter_aphrophilus,Neisseria_flavescens,Aggregatibacter_segnis,Haemophilus_haemolyticus,Neisseria_meningitidis,Neisseria_sicca,Lachnospiraceae_bacterium_4_1_37FAA,Enterobacteria_phage_HK97,Eubacterium_cylindroides
control,31147866,2463944,2038049,2037020,311600,281541,244052,192385,171301,128414,122018,87106,71149,69398,63808,53529,48700,40299,37751,28561,24426,22827,19207,17117,15989,12975,12911,11663,10602,10431,9972,9853,6112,6112,5646,5171,4689,4522,3915,3262,3134,2648,1998,1822,1806,1120,881,754,455,455,427,375,283,271,195,100,0,0,0,0,0,0,0,0,0,0,0,0,0,0,0,0,0,0,0,0,0,0,0,0,0,0,0,0,0,0,0,0,0,0,0,0,0,0,0,0,0,0,0,0,0,0,0,0,0,0,0,0,0,0,0,0,0,0,0,0,0,0,0,0,0,0,0,0,0,0,0,0,0,0,0,0,0,0,0,0,0,0,0,0,0,0,0,0,0,0,0,0,0,0,0,0,0,0,0,0,0,0,0,0,0,0,0,0,0,0,0,0,0,0,0,0,0,0,0,0,0,0,0,0,0,0,0,0,0,0,0,0,0,0,0,0,0,0,0,0,0,0,0,0,0,0,0,0,0,0,0,0,0,0,0,0,0,0,0,0,0,0,0,0,0,0,0,0,0,0,0,0,0,0,0,0,0,0,0,0,0,0,0,0,0,0,0,0,0,0,0,0,0,0,0,0,0,0,0,0,0,0,0,0,0,0,0,0,0,0,0,0,0,0,0,0,0,0,0,0,0,0,0,0,0,0,0,0,0,0,0,0
control,1051252,788502,36457,531585,535985,739114,2026,0,134173,13945,13319646,20704929,31205,327497,10982,7448,0,30005,0,7425,0,393,181317,13811,0,411,108367,0,34266,31392,0,0,4043,0,0,18331,0,0,0,0,0,1807884,7006,3623,0,0,0,23815,232,0,0,0,0,0,4052,35042,1379825,1282310,356105,264432,220241,85725,74324,73396,62709,58835,53922,26694,21468,17283,14810,14061,12454,10906,7644,7251,4859,4297,4128,3873,2503,2472,1575,1526,1522,1423,906,736,718,535,379,312,281,254,170,0,0,0,0,0,0,0,0,0,0,0,0,0,0,0,0,0,0,0,0,0,0,0,0,0,0,0,0,0,0,0,0,0,0,0,0,0,0,0,0,0,0,0,0,0,0,0,0,0,0,0,0,0,0,0,0,0,0,0,0,0,0,0,0,0,0,0,0,0,0,0,0,0,0,0,0,0,0,0,0,0,0,0,0,0,0,0,0,0,0,0,0,0,0,0,0,0,0,0,0,0,0,0,0,0,0,0,0,0,0,0,0,0,0,0,0,0,0,0,0,0,0,0,0,0,0,0,0,0,0,0,0,0,0,0,0,0,0,0,0,0,0,0,0,0,0,0,0,0,0,0,0,0,0,0,0,0,0,0,0,0,0,0,0,0,0,0,0,0,0,0,0,0,0,0,0,0,0,0,0,0,0,0,0,0,0,0,0,0,0,0,0,0
control,3669571,7183249,1304939,341005,574430,2188712,206357,0,223630,90824,0,697116,175763,547261,40974,522488,42488,132646,0,49977,2910,31096,264064,287738,0,176013,3365,398,15501,621783,0,17571,1671,2624,463337,39429,0,0,0,82680,0,7956369,0,0,2363,2084,223,220,8236,0,6617,1273996,11560,0,6915,0,0,1592517,695914,333167,1469730,0,0,555103,51279,127186,0,30069,11690,0,732507,7660,4433,0,342918,685679,48942,0,0,26786,0,1742,0,7071,0,35160,0,15539,3670,0,0,0,61068,0,0,193691,190185,186958,132270,34740,34315,32603,25167,11400,10455,7068,5791,5720,4730,3960,3845,3781,2598,1470,1016,380,0,0,0,0,0,0,0,0,0,0,0,0,0,0,0,0,0,0,0,0,0,0,0,0,0,0,0,0,0,0,0,0,0,0,0,0,0,0,0,0,0,0,0,0,0,0,0,0,0,0,0,0,0,0,0,0,0,0,0,0,0,0,0,0,0,0,0,0,0,0,0,0,0,0,0,0,0,0,0,0,0,0,0,0,0,0,0,0,0,0,0,0,0,0,0,0,0,0,0,0,0,0,0,0,0,0,0,0,0,0,0,0,0,0,0,0,0,0,0,0,0,0,0,0,0,0,0,0,0,0,0,0,0,0,0,0,0,0,0,0,0,0,0,0,0,0,0,0,0,0,0,0,0,0,0,0,0,0,0,0,0,0,0,0,0,0,0,0,0,0,0,0
control,35810,484178,17592386,0,553579,6614,2092,20535,223630,109316,0,35931,4055488,0,1033710,472,212425,316572,0,4346,3030,280276,2030,11426,0,47222,0,37834,0,0,0,4215,0,8978,0,8134,6449,0,0,0,1747,3757,0,0,1141,0,1575,1361,0,0,59633,5012335,0,0,62456,0,0,493,0,82722,0,623235,0,0,4732,0,0,0,31206,0,300156,927,809549,0,422490,0,26360,0,0,0,0,0,0,0,0,0,0,0,0,0,0,4332,383,0,0,2912,2437,1055675,0,0,0,0,0,0,269,0,0,0,0,0,0,16334,0,0,82595,0,550291,157962,19208,12294,6187,4294,3254,2516,1603,579,507,0,0,0,0,0,0,0,0,0,0,0,0,0,0,0,0,0,0,0,0,0,0,0,0,0,0,0,0,0,0,0,0,0,0,0,0,0,0,0,0,0,0,0,0,0,0,0,0,0,0,0,0,0,0,0,0,0,0,0,0,0,0,0,0,0,0,0,0,0,0,0,0,0,0,0,0,0,0,0,0,0,0,0,0,0,0,0,0,0,0,0,0,0,0,0,0,0,0,0,0,0,0,0,0,0,0,0,0,0,0,0,0,0,0,0,0,0,0,0,0,0,0,0,0,0,0,0,0,0,0,0,0,0,0,0,0,0,0,0,0,0,0,0,0,0,0,0,0,0,0,0,0,0,0,0,0,0,0,0,0,0
control,188350,10238168,61896,0,534013,2728056,18349,0,202604,17805,58391,107958,10185017,0,0,2478674,15843,607615,0,33467,0,0,584350,359825,52557,34840,266514,1651,0,29507,0,0,3340,77288,6125,55893,0,0,0,977,19693,84710,1457,0,666,443351,0,0,6845,0,0,111572,0,0,617526,2923,0,10383,2161,3061019,0,78219,0,0,91626,0,0,52924,13686,0,0,0,4110873,0,896761,0,35986,0,10746,0,0,0,0,25670,0,0,0,40358,0,27384,0,0,836163,0,0,32692,0,1188351,0,0,0,0,0,431847,296421,0,0,0,4869,0,4516,29996,26651,1217,50919,59196,47789,181421,0,0,0,0,0,0,0,16803,636,113674,59588,19242,15371,8757,1474,0,0,0,0,0,0,0,0,0,0,0,0,0,0,0,0,0,0,0,0,0,0,0,0,0,0,0,0,0,0,0,0,0,0,0,0,0,0,0,0,0,0,0,0,0,0,0,0,0,0,0,0,0,0,0,0,0,0,0,0,0,0,0,0,0,0,0,0,0,0,0,0,0,0,0,0,0,0,0,0,0,0,0,0,0,0,0,0,0,0,0,0,0,0,0,0,0,0,0,0,0,0,0,0,0,0,0,0,0,0,0,0,0,0,0,0,0,0,0,0,0,0,0,0,0,0,0,0,0,0,0,0,0,0,0,0,0,0,0,0,0,0,0,0,0,0,0,0,0,0,0,0,0,0,0
control,31172,4709,1341738,9105820,19847,1424668,16284514,140557,0,14873,61196,80066,9045584,0,0,45006,1770,0,0,82963,0,0,72673,49426,0,38385,5384,0,72765,0,0,8600,0,0,0,1723,0,6701,0,0,2709,3434,0,54617,0,165901,0,0,356,0,0,3178198,0,0,1677,40695,138,0,2411,637,0,261981,0,0,0,0,0,0,0,0,7741,0,0,0,0,0,9619,0,0,0,0,0,0,5749,0,0,0,8152,0,0,0,0,461,0,0,0,0,499,0,0,0,0,0,0,135265,0,0,0,0,0,0,2214,2541,0,20039,0,0,39819,5543,5673,0,2851,0,0,1053,0,0,0,23763,0,2847,0,0,2419,1656,1371,130,29,0,0,0,0,0,0,0,0,0,0,0,0,0,0,0,0,0,0,0,0,0,0,0,0,0,0,0,0,0,0,0,0,0,0,0,0,0,0,0,0,0,0,0,0,0,0,0,0,0,0,0,0,0,0,0,0,0,0,0,0,0,0,0,0,0,0,0,0,0,0,0,0,0,0,0,0,0,0,0,0,0,0,0,0,0,0,0,0,0,0,0,0,0,0,0,0,0,0,0,0,0,0,0,0,0,0,0,0,0,0,0,0,0,0,0,0,0,0,0,0,0,0,0,0,0,0,0,0,0,0,0,0,0,0,0,0,0,0,0,0,0,0,0,0,0,0,0,0,0,0
control,106804,25150,105784,27695,1104791,2345567,135590,0,1756077,15525,208930,939006,5056301,22783,1894,4144414,15675,1329928,4134600,1180113,0,0,336158,2799147,835,170936,58737,561172,41522,910524,0,2186,752,802255,3139,109518,0,0,180361,147484,18207,10515,0,175103,0,748,0,35709,2580,0,0,96151,69583,21381,107686,592608,0,1939660,31712,5289,392434,1206941,0,0,161,36375,0,107738,8574,0,4891,3702,1163831,0,158936,292738,196508,0,31306,281013,0,0,0,6790,0,0,119872,0,0,23748,0,0,41231,0,0,37631,2966,80228,0,132345,0,28856,9625,0,6888,0,0,5230,0,0,0,9996,0,421136,88341,0,0,0,0,0,0,10732,0,0,0,8578,0,0,0,0,189,0,0,0,0,0,0,110333,1080890,662798,237499,228271,42991,39703,20149,6463,6463,5214,4253,4104,2521,1847,1504,673,591,295,0,0,0,0,0,0,0,0,0,0,0,0,0,0,0,0,0,0,0,0,0,0,0,0,0,0,0,0,0,0,0,0,0,0,0,0,0,0,0,0,0,0,0,0,0,0,0,0,0,0,0,0,0,0,0,0,0,0,0,0,0,0,0,0,0,0,0,0,0,0,0,0,0,0,0,0,0,0,0,0,0,0,0,0,0,0,0,0,0,0,0,0,0,0,0,0,0,0,0,0,0,0,0,0,0,0,0,0,0,0,0,0,0,0,0,0,0,0,0,0,0,0,0,0,0,0,0,0,0,0,0,0
control,14215127,258124,538498,0,174901,3169945,65976,111578,62124,410761,34397,287223,99952,341318,554446,12441,9322,123646,0,159062,0,63287,294850,1773,0,1935473,35606,28657,164428,33320,0,71385,768,113434,1996,45165,0,0,66808,52753,0,6134913,2990,0,0,1874,0,2265,23970,0,0,350955,1971,0,0,7889,1382133,1380486,216208,102770,474242,0,336321,77645,53747,110013,0,17879,2189,0,8776,0,280033,0,2796,0,41945,0,104619,0,0,0,0,1242,3248,1744,230,0,1662,0,0,0,114665,0,0,0,17807,125742,0,0,0,0,10215,0,37803,0,0,4329,0,0,3722,0,4476,67282,0,0,44479,0,9670,0,0,0,9006,0,0,0,0,0,0,0,0,0,0,0,0,0,0,0,0,0,0,376249,0,0,0,0,0,0,0,0,0,0,0,6260,0,0,48108,0,0,0,0,0,0,0,0,0,0,0,0,0,0,0,0,0,0,0,0,0,0,0,0,0,0,0,0,0,0,0,0,0,0,0,0,0,0,0,0,0,0,0,0,0,0,0,0,0,0,0,0,0,0,0,0,0,0,0,0,0,0,0,0,0,0,0,0,0,0,0,0,0,0,0,0,0,0,0,0,0,0,0,0,0,0,0,0,0,0,0,0,0,0,0,0,0,0,0,0,0,0,0,0,0,0,0,0,0,0,0,0,0,0,0,0,0,0,0,0,0,0,0,0,0,0,0,0,0,0,0
control,82139,7218451,32176,0,4832093,1860390,7176,0,548738,751177,1021510,1035679,883761,96122,0,1397,5374,103295,0,392779,0,0,1766779,339339,0,185998,478,113048,5995,1062,0,1403,1788,108314,199,6764,0,0,445,360375,899,28006,7199,690,0,13678,0,1397,4774,0,0,7587003,0,2236,280667,0,0,4737,0,1352155,120937,0,143137,0,0,0,0,25972,28361,0,0,6031,246591,0,2063,0,0,0,0,0,0,0,0,3603,1612,0,17353,1227,3818,0,0,0,325134,0,0,0,0,4356,0,0,0,0,0,0,7023,0,0,0,846,0,1801,4044,836,248976,0,0,0,0,0,0,0,0,0,0,1456,0,0,1539,16398,0,0,0,3434,0,0,0,0,0,0,521,0,0,0,0,0,0,5573,0,37218,0,0,0,0,0,5182,0,0,789284,38529,15094,11989,6605,0,0,0,0,0,0,0,0,0,0,0,0,0,0,0,0,0,0,0,0,0,0,0,0,0,0,0,0,0,0,0,0,0,0,0,0,0,0,0,0,0,0,0,0,0,0,0,0,0,0,0,0,0,0,0,0,0,0,0,0,0,0,0,0,0,0,0,0,0,0,0,0,0,0,0,0,0,0,0,0,0,0,0,0,0,0,0,0,0,0,0,0,0,0,0,0,0,0,0,0,0,0,0,0,0,0,0,0,0,0,0,0,0,0,0,0,0,0,0,0,0,0,0,0,0,0
control,70263,2890608,21770202,0,1425416,1877180,4044,0,10824,100858,19921,22138,283646,168556,0,137,4008,42296,0,192304,0,0,77716,42926,0,73283,10647,0,9371,759817,0,0,11156,151,36846,48497,0,0,1423,9468,0,25020,0,5575,0,10121,0,0,840,0,0,1356134,348,0,113440,0,0,781071,0,4570,0,1915,0,186559,0,62167,69489,2230,0,0,0,0,20805,0,994,0,17186,0,10091,0,0,0,0,21434,0,0,0,9693,5079,0,0,0,338,0,0,0,135671,418949,0,0,0,0,0,0,17564,0,0,0,1805,2766,2206,0,0,45393,435,0,0,0,10225,0,0,0,0,0,0,0,0,0,0,0,12462,0,0,0,0,0,0,0,0,0,0,0,0,0,0,0,0,0,0,0,0,0,0,0,0,0,0,0,20042,0,0,0,0,0,0,0,0,0,0,0,0,0,0,0,0,0,0,0,0,0,0,0,0,0,0,0,0,0,0,0,0,0,0,0,0,0,0,0,0,0,0,0,0,0,0,0,0,0,0,0,0,0,0,0,0,0,0,0,0,0,0,0,0,0,0,0,0,0,0,0,0,0,0,0,0,0,0,0,0,0,0,0,0,0,0,0,0,0,0,0,0,0,0,0,0,0,0,0,0,0,0,0,0,0,0,0,0,0,0,0,0,0,0,0,0,0,0,0,0,0,0,0,0,0,0,0,0,0
control,83764,84541,447263,4264,116919,2677278,204437,19612,318517,3276,38474,28668,8587297,0,0,13717,133107,629674,0,6139020,45393,0,198193,715444,0,124526,59235,274953,0,165579,0,0,0,220769,0,157614,7670,9498,2181,11701,45142,232,559,0,18370,545,0,24234,961,0,10298,10457845,0,3933,130846,1436739,0,14776,4103,15277,0,1163788,0,0,2016,0,0,21423,0,0,379527,1658,623027,0,103340,308676,23519,0,203096,48043,1743,0,0,2029,0,0,7656,0,0,0,0,17007,5481389,0,0,0,592809,6593,23251,0,0,0,0,0,11004,0,0,0,0,0,0,10284,0,262921,17512,0,0,0,2454,0,0,7169,0,0,3611,0,0,0,0,0,0,0,192,0,0,0,0,1569020,0,0,0,0,0,0,0,0,9122,0,17279,0,0,0,0,648,2592,0,0,0,0,0,0,0,63959,16408,4215,0,0,0,0,0,0,0,0,0,0,0,0,0,0,0,0,0,0,0,0,0,0,0,0,0,0,0,0,0,0,0,0,0,0,0,0,0,0,0,0,0,0,0,0,0,0,0,0,0,0,0,0,0,0,0,0,0,0,0,0,0,0,0,0,0,0,0,0,0,0,0,0,0,0,0,0,0,0,0,0,0,0,0,0,0,0,0,0,0,0,0,0,0,0,0,0,0,0,0,0,0,0,0,0,0,0,0,0,0,0,0,0,0,0,0,0,0,0,0,0,0,0,0
control,39485,10070,8388766,4793,42478,271494,12038735,35615,0,321015,68568,134273,1227000,8866,0,7819,724127,332519,2785,183214,0,0,99216,996,21444,200265,7153807,0,165494,1997,0,3505,0,0,0,30276,0,0,5063,2408,91182,12674,41274,135933,0,557,0,1074,703,0,103856,27081,0,0,4708,25404,0,152,0,405,0,461853,0,0,0,0,0,0,0,0,0,27941,1023511,0,1448461,0,17551,0,6554,0,2953,0,0,169,40317,40812,62082,0,0,0,0,249560,0,0,0,0,39445,12498220,0,0,0,0,0,0,0,0,0,0,0,0,0,101246,0,2801,53380,0,3097727,0,0,0,0,0,0,0,2582,11178,0,562857,0,0,0,2526,2402,0,0,0,0,0,0,0,0,0,0,0,9203,1119,0,0,0,0,0,0,0,0,13186,0,0,0,0,0,0,0,0,0,0,30118,29038,16274,14969,14215,5412,1862,1631,467,0,0,0,0,0,0,0,0,0,0,0,0,0,0,0,0,0,0,0,0,0,0,0,0,0,0,0,0,0,0,0,0,0,0,0,0,0,0,0,0,0,0,0,0,0,0,0,0,0,0,0,0,0,0,0,0,0,0,0,0,0,0,0,0,0,0,0,0,0,0,0,0,0,0,0,0,0,0,0,0,0,0,0,0,0,0,0,0,0,0,0,0,0,0,0,0,0,0,0,0,0,0,0,0,0,0,0,0,0,0,0,0,0,0
control,76055,2436267,18042245,1132306,420997,2619821,22303410,10114,72348,978313,470804,263916,290316,0,465,2068084,861718,561981,0,200899,211437,0,629316,37622,0,220563,8626,3554,105604,3066,0,16769,562658,3719,0,89276,0,0,0,19040,0,1924,60498,240092,5001,966351,0,535,2665,0,3677,735891,1071,194,141525,203676,0,142472,177,104151,79503,0,0,0,5972,1936,0,2042,5978,0,0,0,354262,0,1100,0,64799,0,0,0,0,0,0,2865,21064,0,25471,0,19334,565,0,0,5243,0,0,0,0,3707,9561,0,0,0,0,0,42982,0,0,0,1600,14980,0,382,7002,5054,0,0,0,0,0,0,6084,0,187602,0,0,0,0,29655,0,2371,0,0,0,0,0,0,0,0,0,0,0,561246,0,0,0,0,0,0,0,0,0,0,0,0,0,0,0,0,0,0,0,0,0,0,0,0,0,0,0,0,0,0,0,0,12197,11297,9956,4383,3513,2542,718,606,0,0,0,0,0,0,0,0,0,0,0,0,0,0,0,0,0,0,0,0,0,0,0,0,0,0,0,0,0,0,0,0,0,0,0,0,0,0,0,0,0,0,0,0,0,0,0,0,0,0,0,0,0,0,0,0,0,0,0,0,0,0,0,0,0,0,0,0,0,0,0,0,0,0,0,0,0,0,0,0,0,0,0,0,0,0,0,0,0,0,0,0,0,0,0,0,0,0,0,0,0,0,0,0,0,0
control,57218,4780468,11986996,8105,1825697,2196941,295272,0,208860,5256,63614,175792,115857,0,0,22662,3333512,54803,0,775700,1062704,0,261081,251066,0,211331,1241061,2526,189409,873232,0,804,306,80190,9088,15807,0,1355650,0,286069,163557,1820,87262,35568,214205,387276,0,30185,1454,0,123469,2510549,0,0,256676,18673,0,2062492,849758,1191667,232381,0,0,0,0,0,0,48938,948,0,199866,2692,728934,0,129307,0,0,0,59719,0,0,0,0,6090,51792,0,54803,0,8667,54246,0,0,4571,0,0,0,0,8084,0,0,0,0,0,18486,553542,0,0,0,4831,0,0,0,2611,1952,4006,0,0,115244,10168,0,0,0,0,0,105889,0,0,0,0,12558,4121,0,0,0,16202,0,0,0,0,0,0,0,0,0,0,0,0,0,0,0,0,0,0,0,11622,0,0,310725,0,0,0,1127,0,0,7059,13013,15917,8922,0,4253,17274,0,0,0,0,0,0,0,0,0,0,0,5775,5494,1208,816,0,0,0,0,0,0,0,0,0,0,0,0,0,0,0,0,0,0,0,0,0,0,0,0,0,0,0,0,0,0,0,0,0,0,0,0,0,0,0,0,0,0,0,0,0,0,0,0,0,0,0,0,0,0,0,0,0,0,0,0,0,0,0,0,0,0,0,0,0,0,0,0,0,0,0,0,0,0,0,0,0,0,0,0,0,0,0,0,0,0,0,0,0,0,0,0,0,0,0,0,0,0
control,29699423,192707,105180,0,53392,2435044,118557,58397,36217,58969,3386,5731,33755,15135,272247,12452,6167,56324,0,8011,0,19956,86148,11238,0,2575,7209,1703,8245,44701,0,4568,0,6017,17715,905,0,0,0,40485,0,12791846,13991,23779,0,0,694,961,671,2683,0,40532,0,0,5403,4540,0,60812,25566,17926,0,0,10445,119058,1163,3841,0,797,0,0,113,0,17485,0,23338,11050,11177,0,1069,0,0,0,0,0,2570,0,155,17231,849,0,51690,0,3550,0,0,0,0,78006,0,100026,0,0,0,0,0,0,0,2129,127,8841,0,0,0,905,0,0,0,0,1806,0,0,0,1956,0,0,0,0,0,0,0,0,0,0,0,0,0,0,0,0,0,0,0,0,0,0,0,0,0,0,0,0,0,0,0,0,0,0,0,525,0,0,0,0,0,0,159,0,0,0,0,0,0,0,854,0,0,0,0,0,7096,0,1187,0,0,0,0,8189,0,0,0,0,0,0,0,0,0,0,0,0,0,0,0,0,0,0,0,0,0,0,0,0,0,0,0,0,0,0,0,0,0,0,0,0,0,0,0,0,0,0,0,0,0,0,0,0,0,0,0,0,0,0,0,0,0,0,0,0,0,0,0,0,0,0,0,0,0,0,0,0,0,0,0,0,0,0,0,0,0,0,0,0,0,0,0,0,0,0,0,0,0,0,0,0,0,0,0,0,0
control,20413691,1703340,1414319,0,158927,7674269,267693,941773,133600,231311,572370,589937,288667,5171,298322,932325,14150,101351,0,15399,4176,31055,359832,16630,0,17056,12349,5205,297035,333497,0,472,14939,3421,10818,9996,0,88323,0,157923,2809,325,6128,16643,308,16377,0,0,0,0,1843,117547,0,0,16808,460,0,152756,115042,17828,104746,0,0,0,14041,4180,0,3425,3669,0,11168,0,168767,0,80541,36909,22662,0,12573,0,0,0,0,306074,0,0,2775,839,0,603,193250,0,7988,0,0,0,519,819839,19266,0,0,0,0,0,1539,0,0,23826,12619,0,0,0,13024,8933,33117,0,23345,37036,0,0,0,0,23560,0,0,0,0,0,14070,10759,2767,0,0,0,0,0,0,0,0,0,0,0,0,0,0,7858,0,0,0,0,0,0,0,612,0,0,8123,0,0,5416,1898,0,0,0,0,0,0,0,0,0,0,0,0,0,0,0,0,0,0,0,0,0,0,0,2349,0,0,20696,2455,2126,1430,578,0,0,0,0,0,0,0,0,0,0,0,0,0,0,0,0,0,0,0,0,0,0,0,0,0,0,0,0,0,0,0,0,0,0,0,0,0,0,0,0,0,0,0,0,0,0,0,0,0,0,0,0,0,0,0,0,0,0,0,0,0,0,0,0,0,0,0,0,0,0,0,0,0,0,0,0,0,0,0,0,0,0,0,0,0,0,0,0,0,0,0,0,0,0,0,0
control,46311024,568447,164477,827195,1093745,946136,205498,5943,76062,1336252,255882,1075793,3056333,88046,75951,161180,11824,259708,0,3655982,0,35570,767153,705019,0,620652,820195,396957,53411,808740,0,1243,0,440586,185,406763,0,99661,7321,462671,269121,8835492,4442,15896,1452,84416,1809,189650,67154,0,0,128230,0,0,457713,3113,601692,33319,21975,1061435,201807,533406,0,234941,34709,40553,0,13829,157845,3113,1554140,27794,13042,0,14309,14998,113675,40959,0,0,9757,0,0,13743,0,2990,0,0,16992,2485,0,4725,42448,0,0,187448,0,33405,0,13079,0,8859,0,0,39913,0,0,0,6964,0,0,23980,30317,188445,12784,0,0,0,0,0,0,12255,0,0,4036,0,0,0,7838,95145,15084,0,4922,0,0,0,0,0,0,0,0,0,10840,0,0,0,0,0,0,0,0,19268,0,0,18628,0,0,0,79138,0,0,0,0,0,0,0,0,0,0,0,0,0,0,0,0,0,0,0,160,0,0,0,0,0,9671,0,0,0,0,0,0,0,40288963,670088,335118,221480,20264,5500,3236,197,0,0,0,0,0,0,0,0,0,0,0,0,0,0,0,0,0,0,0,0,0,0,0,0,0,0,0,0,0,0,0,0,0,0,0,0,0,0,0,0,0,0,0,0,0,0,0,0,0,0,0,0,0,0,0,0,0,0,0,0,0,0,0,0,0,0,0,0,0,0,0,0,0,0,0,0,0,0,0,0,0,0,0,0,0,0,0,0
control,96718,2563051,18340,3908202,6085188,1022372,15804,0,128570,6216,0,7648,1500832,632678,1697357,596,5780,26276,0,1556739,0,237536,733316,1785216,0,1544944,4712,1128,31096,389250,0,1124,0,3196,11784,30636,0,0,564,0,11264,476,0,0,0,13544,6204,636,6628,248,0,21768,3268,1500,44515,290707,0,998704,217781,2758108,623702,515716,0,0,312027,17300,0,11168,3696,0,0,168,211257,0,0,515580,32807,0,0,149834,109422,0,0,24320,0,0,13708,0,24364,19232,0,0,6006617,0,0,292127,0,0,9296,0,0,0,0,0,0,0,0,17404,0,0,0,1816,1400,2384246,0,0,0,0,55983,0,0,0,0,0,0,0,0,0,0,1888,0,0,0,0,0,0,0,0,0,0,0,0,0,0,0,0,3268,0,9392,0,0,0,0,12916,0,0,0,0,89203,0,0,1436,0,0,3440,0,0,0,0,0,0,0,0,0,0,0,0,0,102426,0,0,0,0,0,0,0,0,0,0,0,0,0,0,0,0,0,0,0,0,0,0,0,0,0,0,0,0,0,0,0,0,0,0,0,0,0,0,0,0,0,0,0,0,0,0,0,0,0,0,0,0,0,0,0,0,0,0,0,0,0,0,0,0,0,0,0,0,0,0,0,0,0,0,0,0,0,0,0,0,0,0,0,0,0,0,0,0,0,0,0,0,0,0,0,0,0,0,0,0,0,0,0,0,0,0,0,0,0
control,8036,11603293,2637,0,3931534,381988,0,0,328797,451171,2953,1170,15123,137634,0,6931,0,9209,0,314455,0,0,309959,401611,0,64561,3782992,89114,0,0,0,4462,30741,43955,0,11576,0,0,10634,404,15721,0,3056,1669,0,2553,0,4588,895,0,0,11942168,19935,5212,467349,344370,0,1112812,0,932915,257767,0,0,0,226580,2660,68268,1219,0,0,87224,880,416856,0,762,0,15157,0,0,0,0,0,2298,0,1177,0,930,0,0,0,0,0,0,0,0,2343,0,6660,0,0,0,0,12581,0,0,0,0,0,1619,0,0,3277,0,1612,7038,0,0,0,4100,0,0,0,0,0,0,0,0,0,0,0,2301,0,0,0,18148,0,0,0,0,0,0,0,7178,0,0,0,6645,0,1440,0,0,0,0,0,0,0,0,0,0,0,0,0,0,0,0,0,0,0,0,0,0,0,0,0,0,0,0,0,145166,0,0,0,0,0,0,0,0,0,0,0,0,0,0,0,0,0,0,0,0,0,2359,0,0,0,0,0,0,0,0,0,0,0,0,0,0,0,0,0,0,0,0,0,0,0,0,0,0,0,0,0,0,0,0,0,0,0,0,0,0,0,0,0,0,0,0,0,0,0,0,0,0,0,0,0,0,0,0,0,0,0,0,0,0,0,0,0,0,0,0,0,0,0,0,0,0,0,0,0,0,0,0,0,0,0,0,0,0,0
control,16042,8058,11592,0,13386823,1799755,948,47421,209363,2360613,13802,485698,4804056,92150,0,0,2874,444597,0,125952,0,0,49405,775,0,4388109,75453,308603,14754,0,0,567952,0,108177,0,356505,0,0,79029,206683,73537,0,0,958,0,60002,0,0,62913,0,0,12553903,59212,0,1931938,435508,0,36530,0,1117270,0,0,0,0,18168,0,0,16451,0,0,906,26116,137450,0,3894505,0,349086,0,50913,0,0,0,0,6178,0,0,17535,7869,13854,0,0,0,0,0,0,33975,0,4932,0,0,0,372,0,233370,0,0,0,0,30923,0,0,3299,6796,439738,13425,0,0,0,0,0,0,0,0,0,1105,0,7906,0,0,0,51981,0,1817,0,6011,0,0,326143,0,0,0,0,38488,0,11671,2869,2969,2236,19205,0,0,0,0,0,3073,0,0,0,0,0,0,0,9341,0,0,0,9466,15917,0,2487,0,0,0,0,0,0,0,0,0,0,0,0,0,0,0,0,0,0,0,0,0,4053,0,0,0,0,0,11838,0,4267,0,179410,41672,1141,0,0,0,0,0,0,0,0,0,0,0,0,0,0,0,0,0,0,0,0,0,0,0,0,0,0,0,0,0,0,0,0,0,0,0,0,0,0,0,0,0,0,0,0,0,0,0,0,0,0,0,0,0,0,0,0,0,0,0,0,0,0,0,0,0,0,0,0,0,0,0,0,0,0,0,0,0,0,0,0,0,0,0,0
control,477890,1611713,30020,0,11449,1517830,1433910,6307478,28934,120469,13734255,16952079,702202,548,593,578477,11688,65772,0,19812,0,0,223509,33903,0,36026,30299,76817,12800,12854,0,13667,226579,55036,38773,48013,0,41947,0,230198,0,654233,8374,0,1620,61092,0,0,48891,0,0,325561,0,0,7985,18387,7850,292516,657353,377946,74490,0,0,0,28425,3399,223619,130,1256,0,155,0,4690,246272,721411,115032,3569,0,1525,3449,0,0,0,8384,2582,0,0,0,0,0,0,0,0,0,0,1759,3997,539112,2128,0,0,0,0,0,11882,0,0,997,2103,659756,4526,0,95,3125,8872,0,5812,0,0,0,0,0,0,0,0,623,0,857,0,105,0,0,0,0,0,0,0,0,0,0,0,0,0,0,0,0,0,0,0,0,0,0,0,0,0,0,0,0,0,0,0,0,0,0,0,3788,0,0,0,1465,1769,0,0,0,0,0,0,0,0,0,0,0,0,0,0,0,0,0,0,0,0,0,0,4012,0,0,0,0,0,0,0,0,0,0,0,0,0,0,0,0,0,0,0,0,0,0,0,0,0,0,0,0,0,0,0,0,0,0,0,0,0,0,0,0,0,0,0,0,0,0,0,0,0,0,0,0,0,0,0,0,0,0,0,0,0,0,0,0,0,0,0,0,0,0,0,0,0,0,0,0,0,0,0,0,0,0,0,0,0,0,0,0,0,0,0,0,0,0
control,2730,4123,593,776567,1169318,922934,0,59454,0,0,245857,617259,4193,9152,0,675047,0,987531,395354,4219969,0,0,73863,193,0,449023,27899630,0,0,0,0,31283,0,0,0,45542,4883,0,0,1418252,10558,0,1864,1178,0,46303,0,0,0,0,0,13784,0,5679,854320,1020305,0,0,0,237,0,1061170,0,0,0,0,0,42690,40131,0,0,3745,0,0,246925,0,39929,0,0,0,0,0,2756,14044,1565,0,0,0,0,0,0,35520,0,0,0,88887,0,1934,50918,0,0,2505,0,35090,18861,0,0,0,0,0,0,22466,13631,0,124443,0,0,0,0,0,0,229,0,0,0,0,19631,0,0,21178,879,0,0,0,167,0,9890,0,0,56896,0,0,2668,0,1859,0,0,0,158,0,0,0,0,0,6778,0,0,0,0,0,0,0,0,0,0,0,0,0,0,0,0,0,0,0,0,0,0,0,0,0,0,0,0,0,0,0,0,0,0,0,0,0,0,0,0,0,0,0,149,0,0,0,0,0,18967,1284,462,141,0,0,0,0,0,0,0,0,0,0,0,0,0,0,0,0,0,0,0,0,0,0,0,0,0,0,0,0,0,0,0,0,0,0,0,0,0,0,0,0,0,0,0,0,0,0,0,0,0,0,0,0,0,0,0,0,0,0,0,0,0,0,0,0,0,0,0,0,0,0,0,0,0,0,0,0,0,0,0,0
control,37030,7613413,18696,454102,81700,366646,224072,0,12392,520959,3054828,4961597,183508,3488,157296,83521,1867,9506,103714,206553,0,51259,121720,161922,152921,38929,57802,0,88695,170,0,0,7573960,0,0,53867,0,157396,347,9364,31502,13257,22960,0,0,325453,100,6077,2222,0,0,59134,59519,0,10845,491329,0,4046368,997249,3741950,555490,0,0,0,493100,9695,46282,0,0,0,436,76595,80944,0,39704,536,14757,71495,0,34615,0,0,0,0,58644,0,6123,0,1003,8488,0,5822,0,0,0,0,0,752,0,0,0,0,0,0,25599,0,0,0,0,0,1397,1755,0,270432,0,0,0,0,0,0,0,0,24518,0,0,0,0,273676,0,0,0,0,0,0,0,3067,0,0,0,0,0,0,1721,2091,2508,0,0,0,0,0,0,0,0,486,3519,0,0,0,50129,2041,0,0,0,0,0,108,0,0,0,0,0,0,0,0,0,0,0,0,13118,0,0,0,0,0,0,0,0,0,0,0,0,0,0,0,0,0,0,0,0,0,0,0,12369,0,0,0,0,0,6991,4398,2473,968,760,525,471,270,239,0,0,0,0,0,0,0,0,0,0,0,0,0,0,0,0,0,0,0,0,0,0,0,0,0,0,0,0,0,0,0,0,0,0,0,0,0,0,0,0,0,0,0,0,0,0,0,0,0,0,0,0,0,0,0,0,0,0,0,0,0,0,0,0,0,0,0,0,0,0,0
control,5371,5439424,3103,0,417461,872064,0,0,14326,649603,1946,18927,429951,37607,151326,418511,43493,275017,0,18115,5046,103158,155520,265800,0,0,113401,153526,0,33019,0,2067,0,62002,0,71991,0,0,0,287199,1221,0,0,24285,0,196244,9504,0,360394,0,4023,12503179,1328,6996,1053912,0,1677404,902268,91795,157018,452684,0,0,0,223030,5120,0,16108,21141,0,576291,0,255955,0,0,606047,29241,0,12654,3732,0,0,0,3936,0,0,37126,0,1104,0,0,0,0,0,0,0,182235,2364575,15807,31337,0,0,0,0,107846,0,0,2147,0,0,0,0,0,0,0,0,0,0,0,0,0,0,0,0,0,0,0,14052,9079,0,1863,0,0,0,0,0,0,0,0,0,0,0,0,0,0,0,0,0,0,6190,0,0,0,0,0,0,0,0,849,0,0,0,0,0,0,0,0,0,0,0,0,0,0,0,0,0,0,0,7645,0,0,0,0,0,0,0,0,0,0,0,0,0,0,699192,0,0,1712,0,0,0,0,0,0,0,0,0,0,0,0,0,0,0,0,0,0,0,0,621944,91557,0,0,0,0,0,0,0,0,0,0,0,0,0,0,0,0,0,0,0,0,0,0,0,0,0,0,0,0,0,0,0,0,0,0,0,0,0,0,0,0,0,0,0,0,0,0,0,0,0,0,0,0,0,0,0,0,0,0,0,0,0,0,0,0,0,0,0,0,0
control,5656689,11333,3933,0,124683,3103227,771800,117672,0,23115,207513,734560,447474,0,0,989369,468165,113772,0,63623,0,0,6174,0,0,186341,34665,73624,24290,33365,0,103092,0,26505,0,6394,0,0,0,779,668,20840203,6339,30736,0,8531,0,441,0,0,109725,2218,198,0,125069,391020,0,1884,0,2226,0,0,0,0,0,0,0,196933,5391,2119,140390,0,9064,0,0,0,33380,0,0,0,0,0,988,6456,0,0,455,0,0,0,0,0,0,0,4304,0,0,2101,37835,591221,0,0,0,0,13695,0,0,0,580,0,0,0,8208,4815,47967,0,193760,0,0,0,0,11840,39733,0,0,0,0,64034,12435,584,128205,0,0,0,50097,0,0,0,0,0,0,0,0,0,0,0,0,0,0,0,0,665,0,0,0,0,0,0,0,100470,119159,0,0,0,0,378,0,0,0,0,0,0,0,0,0,0,0,0,0,591,0,0,0,0,0,0,0,0,0,0,863,0,0,0,0,0,0,0,0,0,0,0,0,0,0,0,0,0,0,0,0,0,0,0,0,0,0,0,0,39403,2806,1656,1164,290,0,0,0,0,0,0,0,0,0,0,0,0,0,0,0,0,0,0,0,0,0,0,0,0,0,0,0,0,0,0,0,0,0,0,0,0,0,0,0,0,0,0,0,0,0,0,0,0,0,0,0,0,0,0,0,0,0,0,0,0,0,0,0,0
control,22809443,3597402,5367,0,1478,77307,1903,60451,0,0,22776,75168,4100,0,0,0,0,379849,0,1021,0,0,22084,0,0,834942,0,211069,0,0,0,3846,0,9006,0,273749,0,0,0,0,6267,4292,2396,0,0,0,0,0,1493,0,0,2093,0,0,299671,1598751,0,245998,0,1786811,468923,1065655,0,0,152932,1382,70240,0,0,0,0,90020,0,0,0,0,0,0,373439,0,0,0,0,2521,336,0,0,0,0,0,0,7914,0,0,0,0,0,2489,0,0,0,0,0,0,0,0,0,0,96,0,0,6503,0,0,7728,0,0,0,0,0,0,2153,1293,0,0,0,0,0,10463,1064,0,0,1014,0,0,0,0,0,0,0,0,0,0,0,0,0,9828,0,0,0,0,1047482,0,0,0,0,0,0,0,0,2985,0,0,0,0,0,0,0,0,0,0,0,0,0,0,0,0,0,0,0,0,0,0,0,0,0,0,0,0,0,0,0,0,0,0,0,0,0,38639,0,0,0,0,0,0,0,7035,0,0,0,0,0,0,0,0,0,0,0,0,0,0,0,0,0,0,0,0,0,0,0,0,0,0,0,0,0,0,0,0,0,0,0,0,0,0,0,0,0,0,0,0,0,0,0,0,0,0,0,0,0,0,0,0,0,0,0,0,0,0,0,0,0,0,0,0,0,0,0,0,0,0,0,0,0,0,0,0,0
control,269369,2606316,7410880,0,1415297,1524347,16391,198329,443201,59999,278723,266691,43097,6016,172844,300039,3222,14845,0,123544,0,42345,195885,32842,3543,50544,6766747,20690,35107,23238,0,0,265059,9451,3360,30040,5919,0,1416,52280,793,56791,615,12740,0,54072,2317,0,2552,0,0,4671424,0,0,79501,510,2079,1642225,1369998,244462,109370,100217,0,17863,28301,14495,87733,0,0,0,2906,0,1130062,1680,422835,113505,6050,858294,9075,0,0,0,0,1237,0,0,51122,0,2447,0,0,0,111609,0,0,6229,12103,2998019,27910,0,0,0,0,0,0,0,0,0,0,0,183,0,305,380,0,0,0,49173,2749,0,0,0,10032,0,414,0,0,540,5893,0,0,0,0,0,0,0,1620,0,0,0,0,199808,0,0,0,0,0,0,0,0,0,0,0,24717,0,0,0,0,0,402,0,0,0,0,0,0,0,0,0,0,0,0,0,0,0,0,0,0,846,0,0,0,0,3234,250,0,0,0,0,0,0,0,0,0,0,0,0,0,0,0,0,0,0,0,0,0,0,0,0,0,0,0,0,0,0,0,0,0,0,0,1498,0,0,0,2895,1531,1289,0,0,0,0,0,0,0,0,0,0,0,0,0,0,0,0,0,0,0,0,0,0,0,0,0,0,0,0,0,0,0,0,0,0,0,0,0,0,0,0,0,0,0,0,0,0,0,0,0,0,0,0,0,0,0,0,0,0,0,0,0
control,17529062,1164516,1160029,0,75683,9332800,5929,83931,177937,41297,1107530,709557,165220,172469,0,317013,0,145219,0,5737,0,0,305420,7013,52822,44725,19871,44986,307910,357484,0,4849,0,34128,6668,14765,5074,0,0,14866,4773,11061,533,1888,0,52735,0,939,3323,0,0,125953,105,1613,20563,1631,0,276804,0,234452,42928,15928,0,0,43196,112,0,35103,3903,0,410,0,223373,0,4382,0,176339,0,13203,4835,0,0,0,43189,1613,60845,7556,0,9372,0,0,0,0,0,0,0,0,1092193,0,0,0,739,0,0,26956,57783,0,38662,3334,0,0,0,14022,0,0,0,0,0,0,0,0,0,28217,0,34302,1461,0,0,0,13315,11612,0,0,0,167,0,0,0,0,11869,0,0,10140,1975,0,968,0,0,0,0,0,0,0,0,0,0,0,0,0,5012,2403,2091,0,0,0,0,0,0,0,0,0,0,0,0,0,0,0,0,0,0,0,0,0,0,0,0,0,0,0,0,0,0,0,0,0,0,0,0,0,0,0,0,0,0,0,0,0,0,0,0,0,0,0,0,0,0,0,0,0,0,0,0,0,0,6850,0,0,40050,0,0,0,0,0,0,0,0,0,0,0,0,0,0,0,0,0,0,0,0,0,0,0,0,0,0,0,0,0,0,0,0,0,0,0,0,0,0,0,0,0,0,0,0,0,0,0,0,0,0,0,0,0,0,0,0,0,0,0,0
control,5094457,1817307,544834,0,1322287,6388952,7567,49177,30909,531773,0,98209,1002989,403747,566572,602417,13387,132666,0,641704,0,157941,668451,26985,0,179225,241053,173384,48621,39460,0,2286,0,73493,8313,37320,0,0,197635,0,0,4786399,0,0,0,2622,17624,9860,14408,0,0,279147,0,0,309065,43310,0,773898,1025242,186093,761318,95451,656322,275175,52193,192751,0,74653,106251,0,0,1289,110650,0,318966,35875,47475,0,0,17807,47095,0,0,39779,0,0,2954,0,16152,13927,179296,0,125991,0,0,0,0,360783,0,27975,0,18940,0,0,41977,0,0,15121,4033,16491,10786,0,38208,93423,0,0,0,0,117318,0,0,0,0,0,0,0,0,34430,0,14585,10409,0,0,0,0,0,0,0,0,0,0,862047,0,0,0,0,0,0,0,0,0,0,0,37269,0,0,0,0,86884,0,0,4921,0,0,0,0,0,0,0,0,0,0,0,0,0,0,0,0,100671,0,0,0,0,0,0,0,0,0,0,0,0,0,0,299331,0,0,0,0,0,0,0,0,0,0,0,0,0,0,0,0,0,0,0,0,0,0,0,0,0,0,0,0,0,0,0,0,0,0,0,0,0,0,0,0,0,0,0,0,0,0,0,0,0,0,0,0,0,0,0,0,0,0,0,0,0,0,0,0,0,0,0,0,0,0,0,0,0,0,0,0,0,0,0,0,0,0,0,0,0,0,0,0,0,0,0,0,0,0
control,21701980,1949238,1449,0,272695,143123,1107,5800434,69076,381624,56433,129895,149405,38603,7048,163838,0,160303,0,18588,0,3672,35214,333200,0,75606,241402,0,7801,1382,0,0,0,0,0,17556,0,0,0,0,9055,27125,236636,52500,0,0,0,3008,5825,0,0,1086073,0,2175,67017,642,0,318661,16236,2065405,448472,0,58263,0,78176,12236,0,8297,3575,0,121217,0,83306,0,0,671703,159080,0,0,96764,0,0,0,5001,10122,0,1790,0,10109,30155,0,523,76860,0,0,0,0,2935296,0,14163,0,766,6251,0,0,0,0,0,22637,0,11536,0,7659,0,3252,0,24227,0,0,0,0,275,11522,0,0,0,0,492,15195,0,0,0,0,0,0,0,0,0,0,2304,0,0,0,0,0,0,0,0,0,0,0,0,0,0,0,0,0,0,278011,4634,3274,0,0,0,0,193240,0,0,14544,181460,95860,0,0,0,0,0,0,0,0,0,0,0,0,0,0,0,0,0,0,0,0,0,0,0,0,0,0,0,0,0,0,0,0,0,0,0,0,0,0,0,2096592,0,0,0,0,0,0,0,0,0,0,0,0,0,0,0,0,0,24701,23058,6140,4093,2654,2627,2091,1586,1072,474,0,0,0,0,0,0,0,0,0,0,0,0,0,0,0,0,0,0,0,0,0,0,0,0,0,0,0,0,0,0,0,0,0,0,0,0,0,0,0,0,0,0,0,0,0,0,0,0,0,0
control,7888,7485484,2099,0,4509492,2847551,1512,1864,670901,626,109558,304094,6050,1081593,1580853,478,11500,274489,604728,965629,0,241898,80049,0,0,568105,8788628,115799,0,218582,0,117086,0,264119,47693,30857,0,0,0,0,22599,0,3047,12534,0,2425,0,2208,0,0,0,3429,123326,0,256,3068280,0,1082,287275,100,0,594737,96646,2583101,0,0,0,0,0,0,0,123539,97468,0,268957,0,2166324,0,0,125108,6132,0,0,0,0,0,9101,1617,0,1334122,0,0,0,0,0,24081,0,734,0,0,0,4229,972578,0,0,0,0,0,0,0,0,62787,7075,45503,42421,0,0,0,0,0,0,9861,0,0,452,235,0,0,0,0,0,0,11439,0,0,0,0,0,0,109,149576,0,17102,0,84808,0,33356,0,51870,0,0,0,0,0,7058,0,0,0,17167,0,0,0,0,0,0,0,0,0,0,0,0,0,0,0,0,0,3620,200,0,0,0,0,0,0,0,0,0,0,0,0,0,0,0,0,0,0,0,0,1621,0,0,0,0,9192,0,0,0,0,0,0,0,0,0,0,0,0,0,0,0,0,0,0,0,0,0,0,0,0,0,0,0,0,0,0,0,0,0,0,14637,12430,2638,478,126,0,0,0,0,0,0,0,0,0,0,0,0,0,0,0,0,0,0,0,0,0,0,0,0,0,0,0,0,0,0,0,0,0,0,0,0,0,0,0,0,0,0,0,0,0
control,34639820,928313,31162,0,21143,472857,0,101114,10432,49233,54849,93471,27562,912,0,938221,0,65539,0,14965,0,0,23715,3501,0,3709,13521,0,31237,1707,0,4246,0,0,8284,5116,0,0,0,7905,0,126278,0,0,0,0,0,0,167,0,0,74193,0,0,4945,0,2932282,11081,0,4908,0,0,1986,0,0,454,69114,1915,225,0,0,0,65426,6406,7739,1807,6993,279213,0,0,0,0,0,4641,0,0,7439,0,0,0,0,0,137,0,0,0,0,1041,4038,57658,0,0,0,0,0,0,0,0,0,0,0,0,0,0,0,0,0,0,0,0,6182,0,0,0,0,0,0,0,0,0,0,0,0,0,0,0,0,0,0,0,0,0,0,0,0,0,0,0,0,3343,0,237053,0,0,0,2635,0,0,0,0,0,0,0,0,0,0,0,0,0,0,0,0,0,0,0,0,0,0,0,0,0,0,0,0,0,0,0,0,0,0,0,0,0,0,0,0,7535,0,0,0,0,0,0,0,0,0,0,0,0,0,0,0,0,0,0,0,0,0,0,0,0,0,0,0,0,0,0,0,0,0,0,0,0,0,0,0,0,0,0,0,0,0,0,566,0,0,0,0,0,0,0,0,0,0,0,0,0,0,0,0,0,0,0,0,0,0,0,0,0,0,0,0,0,0,0,0,0,0,0,0,0,0,0,0,0,0,0,0
control,28889,9410866,6244622,0,201709,1920957,2512,0,122215,396106,42529,41544,508074,3194,436,37445,0,38366,0,109876,0,0,670040,65851,19279,13469,103213,12469,189,4516,0,2443,0,12254,21880,33711,0,0,22334,80687,0,3528,811,0,0,0,0,0,57592,0,0,348032,4226,0,9061,0,0,714453,112915,3401819,352194,0,695657,24307,29463,16467,0,11042,9193,0,35684,0,540557,0,155273,736336,0,0,59577,6959,16101,0,0,7846,0,0,48695,33806,0,388,0,0,249101,0,0,0,25269,1070409,3396,9979,0,0,0,0,0,0,0,0,0,0,0,0,0,299488,0,0,0,0,0,0,0,0,0,0,0,0,0,0,0,0,0,0,0,0,0,0,0,0,0,0,0,0,0,0,0,0,0,0,0,0,0,4144,0,0,0,0,0,0,1984176,0,0,0,0,0,0,0,0,0,0,0,0,0,0,0,0,0,3756,287,1477,0,0,0,0,0,0,0,0,0,0,0,0,0,0,301773,0,0,0,0,0,0,0,0,2023,0,0,0,0,0,0,0,0,0,0,0,0,0,0,0,0,0,0,0,0,0,0,0,0,0,0,0,0,0,0,0,0,0,0,0,0,0,0,0,0,0,0,0,0,0,0,0,0,0,0,0,0,0,0,0,0,0,0,0,0,0,0,0,0,0,0,0,0,0,0,0,0,0,0,0,0,0,0,0,0,0,0,0,0,0
control,1810,11856121,3210180,0,1246415,647667,0,17525,2170967,0,11167,58964,1349840,112596,0,6673,0,673,78854,123341,0,0,2185780,368262,0,107460,36219,18096,0,192885,0,46452,0,325969,2071,69961,0,74567,50050,2093,49505,1521,9299,0,0,26760,0,12208,30005,0,0,13789640,272,5824,1255714,0,0,1925107,4180047,2988731,350956,0,0,0,166852,25665,0,0,32781,0,34489,6149,2032044,0,193248,444180,8818,0,56327,58831,0,0,0,4948,3496,0,22777,0,0,0,0,0,923,0,0,26172,340317,486,0,0,0,0,0,0,9518,0,0,0,24806,0,0,4196,0,366671,9737,0,0,0,0,0,3897,0,0,1681,2450,0,3641,0,0,3197,9368,0,0,0,1569,0,0,0,0,235,0,0,7351,0,2786,0,0,21523,14749,3192,0,0,0,3710,1174,833,0,417169,0,0,0,0,0,0,0,881,0,0,0,6230,0,0,0,0,0,0,0,0,0,0,0,0,3267,0,0,0,0,0,0,0,0,0,0,0,0,0,0,0,0,0,0,0,0,0,0,0,0,0,0,0,0,0,0,0,0,0,0,0,0,0,0,0,0,0,0,0,0,0,0,0,0,0,0,0,0,0,0,0,0,0,0,0,0,0,0,0,0,0,0,0,0,0,0,0,0,0,0,0,0,0,0,0,0,0,0,0,0,0,0,0,0,0,0,0,0,0,0,0,0,0,0,0,0,0,0,0,0,0
control,39846,5103,3488364,0,393596,210974,8903,75102,0,0,536280,601080,3787661,0,1335,261303,0,121664,0,1088229,0,0,10332,883942,0,678553,3608,23376,0,0,0,11049,0,33812,0,485,13117,0,0,447131,12413,2758,0,9687,0,0,0,527,166,0,0,6173661,0,0,482,0,0,264816,0,3466,0,1036313,0,0,9850,0,0,2122,639,0,0,0,0,0,0,0,0,0,0,0,0,0,0,385,0,0,0,0,0,0,0,0,1353,0,0,0,0,8429265,0,0,0,0,0,0,34084,0,0,0,0,0,0,5958,0,0,1986,0,0,0,13621,0,5925,0,212267,0,0,0,0,0,8326,11987,1708,0,0,0,0,0,0,0,0,0,0,0,0,0,0,0,0,0,0,0,0,0,0,0,0,0,0,0,0,52751,36085,0,0,767,0,0,0,0,0,0,0,0,0,0,0,13579,0,0,0,0,0,0,0,0,0,0,0,0,0,0,0,0,0,0,0,0,0,0,0,0,0,0,0,0,0,0,0,0,0,0,0,0,0,0,0,0,0,0,0,0,1974,0,0,0,0,0,0,0,0,0,0,0,0,0,0,0,0,0,0,0,0,0,0,0,517753,5508,0,0,0,0,0,0,0,0,0,0,0,0,0,0,0,0,0,0,0,0,0,0,0,0,0,0,0,0,0,0,0,0,0,0,0,0,0,0,0,0,0,0
control,30226,10184071,4637915,0,7108533,5480933,3457,0,58631,348592,39824,106356,1053675,40838,0,7601395,3179126,448311,0,705112,906877,0,558893,1277678,0,526256,12171,237988,16842,13718,0,9376,0,305716,2700,123415,0,0,80589,611800,2004,2633,15544,8824,53615,184134,0,2299,1687,0,202395,2258414,0,2678,0,181021,0,29485,0,1922956,368000,0,0,1717220,194662,0,0,509732,11235,0,0,0,1216508,0,15801,0,48248,0,0,0,0,0,0,11330,4543,0,139577,0,53476,1069,420062,0,0,0,0,3446,0,4465,22353,117324,0,0,0,0,0,0,0,8758,14865,0,0,6236,24029,2739,173,0,0,0,0,0,0,13290,0,0,0,19330,0,0,25677,0,0,1765,0,0,0,0,0,0,0,0,0,98411,0,0,0,1091,941,0,0,0,0,0,3942,373,4343,0,0,0,0,0,0,0,0,0,0,1186,0,0,0,0,0,0,0,0,0,0,6731,1325,0,0,0,0,0,0,0,0,0,0,0,0,0,0,0,0,0,0,0,0,0,0,0,0,0,0,0,0,0,0,0,0,0,0,0,0,0,0,0,0,0,0,0,0,0,0,0,0,0,0,0,0,0,0,0,0,0,885,0,0,0,0,0,0,0,0,0,0,1047,0,0,0,0,0,0,0,0,0,0,0,0,0,0,0,0,0,0,0,0,0,0,0,0,0,0,0,0,0,0,0,0,0,0,0,0,0,0,0,0,0
control,27560,3546469,6295,0,1227858,7467054,2894,21205,125462,1434525,398478,831149,9231293,10680,0,48343,0,5874733,357582,1681425,0,0,182583,0,0,266,10068,82855,502393,362154,0,0,0,85286,252655,48168,0,0,0,478682,4241,2598,0,4819,0,0,0,6359,0,0,0,13822,0,0,228180,383785,0,0,0,300602,0,0,0,8600,0,0,0,22973,15807,0,259574,0,253435,0,107148,691195,161508,0,0,0,0,0,0,159435,0,0,26328,54120,37506,0,0,31923,0,0,0,45657,0,0,0,528459,0,0,0,0,0,0,0,13320,0,12175,0,0,15435,0,1689,0,0,0,0,0,0,0,0,0,12346,0,0,0,0,17009,1993,0,0,0,0,0,2027,0,0,0,0,298282,0,0,0,0,1921,0,0,590,0,0,0,0,0,3773,0,0,578,0,0,0,0,0,0,0,0,0,0,0,0,0,0,0,0,0,0,0,0,0,0,0,0,0,0,0,0,0,0,0,0,0,0,0,0,7706,0,0,0,0,0,0,0,0,0,0,0,0,0,0,0,0,0,0,0,0,0,0,0,0,0,0,0,0,0,0,0,0,0,0,0,0,0,0,0,0,0,0,0,0,0,0,0,0,0,0,0,0,0,0,0,0,0,0,0,0,0,0,0,0,0,0,0,0,0,0,0,0,0,0,0,0,0,0,0,0,0,0,0,0,0,0,0,0,0,0,0,0
control,29665162,65930,72705,467911,22218,255031,725,0,0,613,30441,61783,34286,2985,0,426822,0,33644,0,8524,0,0,22308,5048,0,77,3408,42505,3607,34000,0,0,1226,9249,2054,972,0,5613,0,4904,0,0,2439,2869,0,0,0,0,0,0,0,38028,0,0,5206,375,0,27055,13255,17517,0,6493,0,0,5835,1181,10379,5539,0,0,1521,0,6682,0,0,2661,0,0,4207,0,0,0,0,0,0,414,0,0,0,0,0,0,0,0,0,0,0,119,0,0,0,0,0,0,0,0,0,0,0,0,0,0,0,0,0,0,0,0,3543,0,0,0,0,0,0,2670,0,0,0,0,5186,0,0,0,0,0,0,0,0,0,0,0,0,0,0,0,0,0,0,0,0,634220,0,0,0,0,0,0,0,0,0,0,0,0,0,0,0,0,0,0,0,0,0,0,0,0,2247,0,0,0,0,0,0,0,0,0,0,0,0,0,0,0,0,0,0,0,0,0,0,0,0,0,0,0,0,0,0,0,0,0,0,0,0,0,0,0,0,0,0,0,0,0,0,0,0,0,0,0,0,0,0,0,0,0,0,0,0,0,0,0,0,0,0,0,0,0,0,10154,0,0,0,0,0,0,0,0,0,0,0,0,0,0,0,0,0,0,0,0,0,0,0,0,0,0,0,0,0,0,0,0,0,0,0,0,0,0,0,0
control,33490894,2104794,32156,22451,64551,772248,25675,70680,147809,43021,465330,426605,66722,1574,43221,14575,9375,3482,0,10078,0,11457,32596,73113,0,10950,14245,138,0,112389,0,0,1245,0,18933,2197,0,0,0,198964,0,2860823,47184,21842,454,1815,311,0,7681,0,0,154529,0,0,6089,3380,995798,278872,330197,54482,73624,0,0,23879,48127,18551,0,0,6587,2415,9335,0,73424,0,16136,0,0,1116,240,0,0,0,0,2259,9998,0,1205,0,0,0,0,547,4092,0,0,0,0,34308,0,21041,0,0,0,0,4599,0,0,685,13227,0,4599,0,0,0,475586,0,2464,0,0,0,0,0,0,2126,0,0,0,1944,0,0,0,0,0,0,0,0,0,0,0,0,0,0,0,0,0,0,0,0,0,0,0,0,0,0,0,0,0,170976,79682,0,0,0,0,0,0,14561,0,0,0,4625,4568,0,0,0,0,0,0,0,0,0,0,0,0,0,1027,0,0,0,0,0,0,0,0,277974,0,0,0,0,0,0,0,0,0,2980,0,0,0,0,0,0,529,0,0,0,0,0,0,0,0,0,0,0,0,0,0,0,0,0,0,0,0,0,0,0,0,0,0,0,0,0,0,0,0,0,0,0,0,0,0,0,0,0,0,0,0,0,0,0,0,0,0,0,0,0,0,0,0,0,0,0,0,0,0,0,0,0,0,0,0,0,0,0,0,0,0,0,0,0
control,60501,13977561,7281207,0,105387,1448701,3093,17139,900855,691311,73567,92892,1260014,11432,202,466427,2467,166021,66866,641566,0,0,955650,217916,0,389487,0,397150,6793,282214,0,0,1592,181646,70782,152408,0,0,225298,125793,28322,20963,48871,131513,0,5095,0,21962,2996,0,0,4136692,69080,0,2071,1353,0,2665288,428,1339241,519579,648427,0,171562,509233,21893,0,0,0,0,359030,2278,1096055,0,97158,0,143396,0,55144,0,0,0,0,13066,61030,0,83011,0,1086,0,0,0,0,0,0,130966,0,2229935,0,0,0,0,0,0,11957,0,0,0,465,0,2720,4984,414,261407,3415,0,0,0,3608,0,0,0,0,0,0,0,0,11924,0,0,22174,0,0,0,0,0,0,0,0,9858,0,0,10608,31258,0,0,0,0,17355,0,0,0,0,0,1491,0,0,0,139176,0,0,0,0,0,0,3907,0,0,0,3751,3783,0,0,0,0,0,0,0,0,0,0,0,0,0,0,0,0,0,0,0,0,0,0,0,0,0,0,0,0,0,0,0,0,0,0,0,0,0,0,0,0,0,0,0,0,0,0,0,0,0,0,0,0,0,0,0,0,0,0,0,0,0,0,0,0,0,0,0,0,0,0,0,0,0,584194,0,0,0,2131,1118,0,0,0,0,0,0,0,0,0,0,0,0,0,0,0,0,0,0,0,0,0,0,0,0,0,0,0,0,0,0,0,0,0,0,0,0,0,0
control,39591756,104029,50410,38253,21853,12896,16396,6593,599,5075,1172613,2475400,23548,6519,691,1743,4217,2557,603,1708,0,0,99989,445,0,3169,867,0,0,0,0,0,0,0,0,0,0,0,0,0,3341,10066,1598,0,0,233,0,0,0,0,0,6897,0,0,0,0,0,1008,0,110,0,0,0,0,0,0,0,0,0,0,0,3072,0,0,0,0,0,0,0,0,0,0,0,0,1972,0,0,0,0,0,0,5634,0,0,0,0,0,1448,0,0,0,0,0,0,1862,0,0,0,106,1972,700,191800,69363,0,48901,0,0,0,0,0,0,1822,0,1796,0,0,0,0,0,0,0,0,0,0,0,0,0,0,0,0,0,0,0,0,3829,0,0,0,0,0,0,0,0,0,0,0,0,0,0,1092,0,0,0,0,0,0,0,4357,0,0,0,0,0,0,0,0,0,0,0,0,0,0,6576,0,0,0,0,0,0,0,0,0,0,0,0,0,0,0,0,0,0,0,0,0,0,0,0,0,0,0,0,0,0,0,0,0,0,0,0,0,0,0,0,0,0,0,0,0,0,0,0,0,0,0,0,0,0,0,0,0,0,0,0,0,0,0,0,0,0,0,2901,647,0,0,0,0,0,0,0,0,0,0,0,0,0,0,0,0,0,0,0,0,0,0,0,0,0,0,0,0,0,0,0,0,0,0,0,0
control,77413,8653,17444,564,1821709,12093384,3134983,3410,297724,0,81846,125282,2628765,182,0,5417,2335,2519666,0,321026,0,0,25391,0,0,274709,5458,304498,0,0,7165,8025,0,188702,0,21463,0,0,324012,53664,3268,21604,0,0,0,0,0,892,1489,0,0,3341,8298,0,132484,968650,410,226484,733,4028192,223912,64116,0,0,88702,1611,0,0,41215,0,0,0,691834,0,62882,501097,41178,0,37810,57661,7475,0,0,865,0,0,28737,0,0,0,0,38342,0,0,0,0,0,3041,0,0,0,0,0,0,14840,0,0,1812,0,2044,0,5790,16811,37259,45229,0,4046264,0,2563,0,0,9521292,0,0,27745,0,0,0,0,8180,19196,0,0,0,36863,0,0,0,0,49431,0,0,6082,0,0,0,2699,5176,14111,0,0,0,0,0,0,0,0,0,3928,0,0,0,0,0,619,0,0,0,0,0,0,0,0,0,0,0,0,0,0,0,0,0,0,0,1138,0,0,0,0,0,0,0,0,0,0,0,0,0,0,0,0,0,0,0,0,0,0,0,0,0,0,0,0,0,0,0,0,0,0,0,0,0,0,0,0,0,0,0,0,0,0,0,0,0,0,0,0,0,0,0,0,0,0,0,0,0,0,0,0,0,0,0,12491,0,0,0,0,0,0,0,0,0,0,0,0,0,0,0,0,0,0,0,0,0,0,0,0,0,0,0,0,0,0,0,0,0,0,0
control,458287,6199346,2395904,2620,554688,1829649,4892,12622,296729,267980,0,3417835,9939738,8429,112731,38043,1426,185275,0,482462,0,70828,450918,592208,0,42148,10345,54507,207113,2712,0,1347,1891321,13992,8739,4203,0,318974,4448,447826,3495,153958,4397,0,0,266402,6637,0,3254,7086,0,7998127,0,0,22375,22852,10900,790647,1629080,302977,413297,0,54049,5402,22296,6540,2760002,2763,4425,0,99618,3351,522616,1009,647316,64630,0,0,3120,0,0,0,0,8952,0,0,20843,0,0,2865,495,0,2222,0,791,0,13455,23907,0,0,0,0,0,0,9591,0,0,0,0,10877,0,0,1444,0,0,0,0,0,11576,0,0,0,0,0,0,0,5193,0,0,0,0,0,0,0,0,0,0,0,0,0,0,0,0,0,0,0,0,0,0,0,0,0,0,1055,0,0,0,0,1657,0,0,0,0,0,0,0,0,0,0,0,0,0,0,0,0,0,0,0,231,0,0,0,0,0,0,0,0,0,0,0,0,0,0,1236,0,0,0,0,0,0,0,0,0,0,0,0,0,0,0,0,5721,0,0,0,0,0,0,0,0,0,0,0,0,0,0,0,0,0,0,0,0,0,0,0,0,0,0,0,0,0,0,0,0,0,0,0,0,0,0,0,0,0,0,1194,268,0,0,0,0,0,0,0,0,0,0,0,0,0,0,0,0,0,0,0,0,0,0,0,0,0,0,0,0,0,0,0,0,0
control,379824,15610341,6269817,0,838785,2434663,18609753,0,26081,1101572,232868,236077,251471,48365,1415570,1837795,23690,636101,0,350981,1530,557039,481882,282118,0,641213,225837,32467,29638,745703,0,118543,0,5186,34353,21656,0,0,11357,92586,0,79285,13930,211684,2366,860,34626,0,12466,0,0,4182048,4425,0,13169,15088,4095,1744737,2099234,62361,996024,0,238368,557710,592575,30167,0,94108,19993,0,1903986,0,1286827,0,41996,1714314,65868,0,15940,0,0,0,0,47381,778,0,179043,143565,2564,4442,0,0,2291,0,0,71096,0,9937475,0,58705,0,14534,0,0,0,0,0,15013,0,6526,0,0,2060,589390,1042,0,0,0,0,0,0,381,0,0,1332,0,0,4210,0,4947,2060,0,0,0,0,0,0,0,0,0,0,1420045,802,4971,0,3094,215,0,1125,0,0,5112,0,3185,0,0,0,0,0,0,0,0,0,0,0,0,0,0,0,0,0,0,0,0,0,0,0,0,337481,0,0,0,0,0,0,0,0,0,0,0,0,0,0,0,228715,0,0,0,0,0,0,0,0,0,0,0,0,0,0,0,0,0,0,0,0,0,0,0,0,0,1315,0,0,0,0,0,0,0,0,0,0,0,0,0,0,0,0,0,0,0,0,0,0,0,0,0,0,0,0,0,0,0,0,0,0,0,0,0,0,0,0,0,0,0,0,0,0,0,0,0,0,0,0,0,0,0,0,0,0,0,0,0,0,0,0,0,0,0
control,28667504,183206,89897,16116,38218,1039528,223152,4460,2018,41746,77625,49083,50836,0,10420,48374,28469,11759,0,5914,6431,530,105051,8171,0,33583,19207,0,50144,105077,0,0,3900,0,8223,2262,0,274,0,0,0,6499584,46419,365348,0,17946,0,0,949,0,0,63600,0,0,27396,47745,1413492,41181,17608,110759,0,0,0,1462,13123,0,0,8851,0,0,11934,0,9086,0,3930,8265,10023,0,0,3989,0,0,0,0,32163,0,0,0,0,1809,0,0,0,0,0,0,0,109677,0,0,0,0,0,0,21187,0,0,0,10951,402,4208,0,11579,10048,11985,0,50259,1219,9377,0,0,0,1775,0,0,0,0,8103,0,0,0,0,0,0,0,0,0,0,0,0,0,0,0,0,0,0,0,0,0,0,0,472169,0,0,0,0,0,0,0,0,0,0,0,0,0,49755,0,0,0,16291,2138,0,0,894,0,0,0,0,6534,13144,0,28118,0,0,0,0,0,0,0,0,0,0,0,0,0,0,0,0,0,0,0,0,0,0,0,0,0,0,0,0,0,0,0,0,0,0,0,0,0,0,0,0,9796,0,0,0,0,0,0,0,0,0,0,0,0,0,0,0,0,0,0,0,0,0,0,0,0,0,0,0,0,0,0,0,0,9518,573,0,0,0,0,0,0,0,0,0,0,0,0,0,0,0,0,0,0,0,0,0,0,0,0,0,0,0,0,0,0,0
BD,10105,3055388,4955,486,1601420,222351,1621,0,1389452,5297,170067,47506,51633,733,3724,8639,0,1196,0,25585,0,0,1425895,71305,0,27089,8054,5748,2310512,650,0,0,874070,2462,16195,1413,0,2855848,325,0,13317,4352,0,0,0,3799589,0,6338,0,0,0,3027541,3650,0,8414,16672,0,2241401,9527220,2920369,71370,0,0,8999,951114,85454,55235,0,1470,0,2480,31497,1448077,0,603103,0,148440,0,62085,720,0,0,0,10161,0,0,5202,14314,3533,176344,0,0,30457,0,0,0,0,1990,0,0,0,0,0,108871,930961,0,0,0,0,0,0,5761,9992,10668,481,0,0,20270,0,0,0,0,0,0,48820,0,0,0,0,1942,0,0,0,0,0,14713,0,0,0,611,0,0,38676,0,0,0,6728,0,10694,5336,0,0,0,23461,1708,3290,0,2212990,122457,0,0,42985,0,0,329,0,0,0,0,0,0,0,0,0,0,0,0,0,10074,0,0,0,0,0,0,0,0,0,0,0,0,0,0,0,0,0,0,0,0,0,0,0,17006,0,0,0,0,0,0,0,0,0,0,0,0,0,0,0,0,0,0,0,0,0,0,0,0,0,0,0,0,0,0,0,0,0,0,0,0,0,0,0,0,0,0,0,0,0,78,0,0,0,0,180350,0,0,0,17357,9884,5202,2605,286,0,0,0,0,0,0,0,0,0,0,0,0,0,0,0,0,0,0,0,0,0,0,0,0,0,0
BD,91530,10033600,14588,8857,215159,775407,24979,35546,704175,8553,67406,413560,229591,3232,4548,7315,8865,14377,0,156961,0,0,229130,3833,0,444125,184376,390545,15704,4489,0,0,0,439862,0,600083,0,15606,0,151898,0,16598,16828,0,164,509220,0,0,13256,0,0,17446272,0,781,208129,1064370,3853,761818,474869,755901,54872,171892,159467,0,3673,49844,0,2986,15501,3896,574730,0,686769,0,117926,902,6140,0,41175,6819,0,0,0,0,22804,0,101000,0,0,0,0,0,3962,0,0,0,0,15665,0,0,0,0,0,67695,0,0,0,0,5992,0,0,44372,0,9497,82696,4017,0,0,0,0,0,6765,0,0,0,0,0,125834,0,0,0,0,0,0,0,0,0,0,0,0,0,0,0,0,0,0,886,3786,0,2264,0,0,0,0,566,6605,0,0,0,0,0,0,0,0,0,37677,0,0,0,0,589,0,0,0,0,0,0,0,26169,0,0,0,0,0,0,0,0,0,0,0,0,0,0,0,0,0,0,0,0,0,0,0,0,0,0,0,0,0,0,0,0,0,0,0,0,0,0,0,0,0,0,0,0,0,0,0,0,0,0,0,0,0,0,0,0,0,0,0,0,0,0,0,0,0,0,0,0,0,0,0,0,0,0,0,0,0,0,0,0,0,0,0,0,0,0,0,0,0,0,0,0,0,0,0,0,0,0,0,0,0,0,0,0,0,0,0,0,0
BD,22606802,23680,19283,0,85926,2300316,29106,0,159223,5508,18699,28784,172564,19886,2279,125503,41601,9681,0,193272,19212,0,192685,3222,10927,135550,77600,1010,50743,120208,0,73779,0,3701,0,43644,0,0,2530,0,2777,30158,3529,0,20353,52577,0,0,4562,0,0,30554,0,0,32092,300604,3162,444398,0,1429,0,10033,0,0,0,2432,0,0,0,0,1691,0,1022232,0,1538,193074,30637,0,280770,60622,0,0,0,700,0,0,9890,0,0,0,0,0,27040,0,0,14100,0,12263,25368,6290,0,0,0,0,111781,0,0,3316,0,0,0,0,0,0,0,0,0,0,0,0,0,0,0,0,1358,0,0,0,0,0,0,0,0,0,0,0,0,7383691,0,0,0,0,0,0,0,0,0,0,0,0,0,0,0,0,0,0,0,0,0,0,0,0,0,0,0,0,15204,0,0,0,0,0,0,0,0,0,0,0,5104,0,0,0,0,0,0,0,0,0,0,0,0,0,0,0,0,0,0,0,0,0,0,0,0,0,0,0,0,0,0,0,0,0,0,0,0,0,0,0,0,0,0,0,0,0,0,0,0,0,0,0,0,0,0,0,0,0,0,0,0,0,0,0,0,0,0,0,0,0,0,0,0,0,0,0,0,0,0,0,0,0,0,0,490643,7712,0,0,0,0,0,0,0,0,0,0,0,0,0,0,0,0,0,0,0,0,0,0,0,0
BD,37245044,6297167,357115,0,227187,6077273,132368,43464,19135,1672606,97156,91468,133783,194093,86729,3232625,380827,1396076,0,110973,159565,46987,3098035,342766,0,333260,157409,1934170,194302,318712,0,42296,0,2174006,1804,31138,0,0,9905,954816,10883,13710017,25830,122615,4140,4102,3922,0,27843,0,61308,461848,0,4786,2915,79540,5308849,159945,67034,60054,827965,0,429989,0,31214,46389,0,56313,92920,0,1242228,0,827092,0,1311845,28118,73577,370,92693,131912,807,0,0,51033,7512,112226,4872,0,48924,0,0,1320,43122,0,0,6125,97108,39181,23826,0,0,0,0,0,408,0,0,61516,38963,0,0,0,157979,109786,4929,0,0,0,0,0,0,1320,5973,0,0,2108,0,0,13057,34101,0,0,0,0,0,0,0,0,0,0,0,321209,0,0,0,0,8034,0,0,0,0,931,0,0,0,0,0,0,0,0,0,0,0,0,0,0,0,0,0,0,0,0,0,0,0,0,0,0,1899,0,0,0,0,0,0,0,0,0,0,0,0,0,0,0,548283,0,0,0,0,0,0,0,0,0,0,0,0,0,0,0,0,0,0,0,0,0,0,0,0,0,0,0,0,0,0,0,0,0,0,0,0,0,0,0,0,0,0,0,0,0,0,0,0,0,0,0,0,0,5888,0,0,0,0,0,0,0,0,0,0,0,0,0,0,0,307193,0,0,0,0,0,0,0,0,0,0,0,0,0,0,0,0,0,0,0,0,0,0,0
BD,7459,775157,3994596,2868,7018,528798,6492,57880,102302,28374,32293,49753,498103,154402,184539,14641,1131,3090,0,104956,0,21566,74079,325916,0,155742,13145,1839,6199,134,0,0,0,1639,0,13452,16400,0,3825,0,2921,156,0,0,0,258,984,2881,690,6510,0,26812152,17424,0,5277,2761,0,365721,2917,466046,40366,174120,0,3081,18079,0,0,0,0,0,1648,0,651062,0,122737,9400,0,0,1933,0,0,0,1750,361,0,0,14672,0,0,0,2863,0,1977,0,0,0,16801,8548011,0,0,0,0,0,0,0,0,0,0,0,0,0,0,1385,29626,0,0,0,0,0,0,0,0,0,0,4627,0,0,0,0,0,0,0,0,0,0,0,0,0,0,0,0,0,0,0,0,0,0,0,0,0,0,0,0,0,0,0,0,0,0,0,0,0,0,0,0,0,0,0,0,0,0,0,0,0,0,0,0,0,9556,1029,0,0,0,0,0,0,0,0,0,0,0,0,0,0,0,0,0,0,0,0,0,0,0,0,0,0,0,0,0,0,0,0,0,0,0,0,0,0,0,0,0,0,0,0,0,0,0,0,0,0,0,0,0,0,0,0,0,0,0,0,0,0,0,0,0,0,0,0,0,0,0,0,0,0,0,0,0,0,0,0,0,0,0,0,0,0,0,0,0,0,0,0,0,0,0,0,0,0,0,0,0,0,0,0,0,0,0,0
BD,15423,1839266,18159,5289296,3108,10140387,5249,7417,57602,80154,48890,46512,924663,96553,0,453382,67046,59101,0,89347,17721,0,123628,380110,0,124919,6761,0,67956,92900,0,84924,1288,0,0,9545,4670,0,0,279482,8521,0,28644,57405,5530,11977,0,0,77427,0,595,8925825,5383,0,1071,88588,0,580807,0,0,343340,363818,0,0,4871,0,0,32381,0,0,266940,0,138622,0,1512820,0,4774,0,990,636,0,0,0,7086,7574,0,6754,920,6407,0,0,0,107938,0,0,0,0,2074,0,10910,0,0,0,0,12251,0,0,0,1743,4102,0,0,2094,24117,0,0,12930,0,0,0,0,0,0,0,5001,0,0,0,0,565,826,0,0,0,0,0,0,0,0,0,0,0,0,0,0,0,0,0,749,0,0,0,0,0,0,0,0,0,0,0,0,0,0,0,1773,411,0,0,0,589,422,0,0,0,0,0,0,0,26222,850,0,2643,0,0,495,0,0,0,0,0,4647,0,0,0,0,0,0,0,0,0,0,0,0,0,0,0,0,0,0,0,0,0,0,0,0,0,0,0,0,0,0,0,0,0,0,0,0,0,0,0,0,0,0,0,0,0,0,0,0,0,0,0,0,0,285407,0,0,0,0,0,0,0,0,0,0,0,0,0,0,0,0,0,0,0,0,18524,2067,0,0,0,0,0,0,0,0,0,0,0,0,0,0,0,0,0,0,0,0,0
BD,11619395,667676,89474,1650,78321,3073490,29240,775633,134777,95246,1038255,1099013,25134,90161,35524,1133801,282020,36622,0,17972,70963,2381,149097,358336,0,99429,31026,40721,1061672,4606,0,4614,0,43713,38472,6703,0,38376,200,15155,2832,5942103,40121,12878,1670,2177,0,0,1518,0,36155,238719,0,1150,29975,0,4389947,483914,221686,39606,103180,125345,0,0,6563,65199,264229,1917,5289,0,7949,0,1869161,6711,803,1893,15854,1458596,0,0,0,0,0,42139,12651,1949,23967,7793,8608,0,0,0,30251,0,0,0,0,72605,4686,0,0,0,0,0,0,0,0,0,0,631808,0,16486,16306,328,0,0,0,0,13542,0,0,0,928808,0,11872,36682,0,4602,0,3280,0,4039,0,0,0,0,0,0,0,0,0,0,0,0,0,0,2800,0,0,0,0,0,443,16426,0,0,0,0,179771,947,0,0,0,0,0,1150,0,0,0,0,0,0,0,0,0,0,0,0,3208,54118,0,0,0,13178,651,10246,0,0,0,0,2133,0,0,0,0,0,0,0,0,0,0,0,0,0,0,0,0,0,0,0,0,0,0,0,0,0,0,0,0,0,0,105964,0,0,0,5596,0,0,0,0,0,0,0,0,0,0,0,0,0,0,0,0,0,0,0,0,611,0,0,0,0,0,0,0,0,0,0,0,0,7374,0,0,0,0,0,0,0,2620,0,0,0,0,0,0,0,0,0,0,0,0,0,0,0,0,0,0,0,0
BD,69340,26581,4400,8008582,2576166,22679,793,597650,4940163,1334,267871,236377,158370,0,786,859,120965,0,0,6763816,41266,0,141013,1632,0,659057,3875,0,427389,1958,0,0,0,0,0,5896,0,3530,0,0,32580,42633,0,0,186,1023423,0,7837,0,0,39086,26126,0,0,278565,95111,0,11062,17171,4848,0,468818,0,0,0,0,7472,0,0,0,2136474,302,2136407,0,82709,0,14294,0,312864,0,0,0,0,611,0,0,37799,0,0,0,0,4227,10940,0,0,1772,0,1971,17370,0,0,0,0,0,344418,0,0,0,471,0,0,10233,2641,0,73494,0,0,39322,0,0,0,1261,0,0,20910,0,2326,0,8876,0,0,0,0,0,0,0,0,0,0,0,758353,0,0,0,4642,0,0,6427,0,3693,0,0,0,0,1636,4184,0,0,0,0,0,0,0,0,0,0,0,0,0,0,0,0,0,0,0,0,0,0,0,0,0,0,0,0,0,2419,0,0,0,0,0,0,0,0,0,0,0,0,0,0,0,0,0,0,0,0,0,0,0,0,0,0,0,0,0,0,0,0,0,0,0,0,0,0,0,0,0,0,0,0,0,0,0,0,0,0,0,0,0,0,0,0,0,0,0,0,0,0,0,0,0,0,0,0,0,0,0,0,0,0,0,0,0,0,0,0,0,0,0,0,0,0,0,0,0,0,0,0,0,0,0,0,0,0,0,0,0,0
BD,37958,5381557,15781,0,151850,86292,644,10073,3061034,199754,174547,261993,86096,9787,67640,1201,21561,34874,0,218430,2424,33624,784852,939088,0,18380,578,0,0,838398,0,0,0,0,6655,16187,0,0,424707,0,103674,16266,6737,4276,0,0,6538,38024,1088,2224,269,575559,1029,33672,64852,0,4248,997788,957,10053384,614746,0,148394,0,667101,2052,0,0,148,0,0,781754,534843,0,0,992180,248384,0,23389,948335,189453,0,0,16525,0,0,17203,5691,0,75383,0,68642,1034410,0,0,0,8114,544844,0,0,0,5019,0,0,18260,0,0,0,17602,0,0,522009,0,0,51625,0,0,0,3718,0,0,0,7594,0,42960,2627,8668,0,0,0,0,554,183343,0,0,0,0,0,0,5956,0,0,12982,2517,21368,4200,0,17826,82333,0,716,2121,1900,0,28825,0,0,440110,0,0,0,3026,0,0,3808,0,0,0,0,60586,0,0,0,0,0,0,0,0,39442,27193,0,0,0,0,189,0,0,0,0,0,0,0,0,0,0,0,0,355,3284,0,37390,0,48493,8572,0,0,0,0,0,0,417,0,0,0,0,0,0,0,0,0,0,0,0,0,0,0,0,0,0,0,1095,0,19406,0,0,0,0,0,0,0,0,0,0,0,0,0,0,0,0,0,0,0,0,0,0,0,0,0,0,0,0,0,0,0,0,0,0,0,963968,1350,967,682,0,0,0,0,0,0,0,0,0,0,0,0,0,0,0,0
BD,1777617,1425790,2785137,0,854162,5945504,376259,55272,72129,4992,0,86274,1089701,439115,436752,1958657,7598,3196,0,8120,0,43347,212248,103341,0,480990,215264,450664,492,68170,0,117993,0,101219,0,38254,0,0,0,0,0,1764813,0,0,0,387,0,0,13292,0,0,502804,0,0,13627,0,7565195,454154,9180,95747,0,1012523,425522,0,7880,15182,0,75776,0,0,35148,0,137734,0,762,0,125167,0,0,1348,0,0,0,71277,0,0,7099,0,0,0,0,0,5626,0,0,0,48516,8894,0,0,0,0,0,0,0,0,0,0,0,6164,0,0,0,0,9495,0,0,0,21736,0,13829,0,0,0,0,0,0,0,0,0,0,0,0,0,0,0,0,0,0,0,0,0,0,0,0,0,0,0,0,22329,0,5533999,0,0,0,1100,0,0,0,0,0,0,0,0,0,0,0,0,0,0,0,0,0,0,0,0,0,0,0,0,0,0,0,0,0,0,0,0,0,0,0,176274,0,0,0,0,5762,0,0,0,0,0,0,0,0,0,0,0,0,0,0,0,0,0,0,0,0,0,0,0,0,0,0,0,0,0,0,0,0,0,0,0,0,0,0,0,0,0,0,0,0,0,0,0,0,0,0,0,0,0,0,0,0,0,0,0,0,0,0,0,0,0,0,0,0,0,0,0,0,0,0,0,0,0,0,0,0,0,0,0,0,0,0,0,0,0,0,0
BD,6746,8843265,7067735,0,869786,1975052,2095,0,290847,105037,50984,65351,34933,134081,1436678,252122,0,92435,0,74837,0,108334,424187,39439,0,44996,257524,83259,80275,12487,18428,28270,19156,85334,44647,39736,0,0,603,3620,12819,5023,7213,22638,0,0,2717,9041,3689,0,0,93918,1031,0,79017,8593,3031886,1275439,790127,126776,146393,40885,0,378098,63292,46356,0,11057,3241,0,196356,0,560132,0,226833,302118,25167,805769,90690,909,0,0,0,1686,922,20843,21525,0,16765,0,0,0,475859,0,0,7414,17964,173932,0,0,0,1054,396151,0,0,0,0,6301,0,0,0,0,0,0,0,0,0,0,2204,0,0,0,0,0,0,0,0,45770,0,0,0,0,0,0,0,0,0,0,0,0,0,235996,0,0,0,0,609,0,0,16080,0,0,0,1357,0,692,0,312997,0,0,0,0,0,0,0,0,0,0,0,0,0,0,0,0,0,0,0,0,16584,0,0,0,0,0,0,0,0,0,0,0,0,0,0,0,0,0,0,0,0,0,0,0,0,0,0,0,0,0,0,0,0,0,0,0,0,0,0,0,0,0,0,0,0,0,0,0,0,0,0,0,0,0,0,0,0,0,0,0,0,0,0,0,0,0,0,0,0,0,0,0,0,0,0,0,0,0,0,0,0,0,0,0,0,0,0,0,0,0,0,0,0,0,205150,0,0,0,0,0,0,0,0,0,0,0,0,0,0,0
BD,203005,4833617,1460614,0,397244,3023994,1157,0,12119,46742,3579259,4130608,653899,48802,0,122311,0,1468543,0,247560,0,0,983737,107,0,768017,27629,246254,59152,2212,0,0,0,15706,0,7732,0,573668,0,10576,36379,10932623,0,0,0,13946,0,0,628,0,0,598637,0,49,1006,0,10490,482097,109621,15033,135124,467445,0,0,4211,0,0,11438,11783,0,95026,1465,1503112,0,0,1436,15719,0,537449,0,0,0,0,3361,0,0,2348,0,57433,0,0,0,1884,0,0,0,0,1873675,36247,15772,0,0,0,0,3665,0,0,267,0,0,0,5188,20701,0,0,0,0,0,0,0,4629,0,0,0,6727,0,0,0,0,0,0,0,0,0,0,0,0,0,0,0,0,0,0,0,0,0,6940,0,4190,5643,0,932,0,0,0,0,0,0,0,0,0,0,0,0,0,0,0,0,0,0,0,0,0,0,0,0,0,0,0,0,0,0,0,0,0,0,0,0,0,0,0,0,0,0,0,0,0,0,0,0,0,0,0,0,0,0,0,0,0,0,0,0,0,0,0,0,0,0,0,0,0,0,0,0,0,0,0,0,0,0,0,0,0,0,0,0,0,0,0,0,0,0,0,0,0,0,0,0,0,0,0,0,0,0,0,0,0,0,0,0,0,0,0,0,0,0,0,0,0,0,0,0,1068746,0,0,0,0,0,0,0,0,0,0,0,0,0,0,0
BD,27226,123805,5156924,0,141703,382912,194496,2104850,89533,3274,6957687,6195055,102635,0,701,61757,3196172,27450,0,6702,0,0,47886,15809,4965,5457,255851,2133,0,3888,0,0,783,608,0,2584,0,0,9712,139852,2599,16673,0,332,19281,5617,0,1118,0,0,184406,20168,0,541,24537,0,0,4464,2209,87845,0,55968,0,0,3123,0,0,0,1412,0,0,0,89253,0,9595,5116,24269,0,0,8530,0,0,0,0,0,0,5204,0,1315,0,0,0,0,0,1313,4854,0,6627,0,0,0,0,0,0,0,0,0,0,0,287888,0,0,4491,0,122754,0,0,66146,0,0,0,0,2506039,0,0,0,0,0,0,0,0,1484,0,384,0,0,0,0,0,166353,0,0,0,0,0,0,0,0,0,0,0,0,0,0,0,0,0,0,21400,11865,10058,0,0,0,0,0,12043,22503,0,0,0,0,0,0,0,0,0,0,0,0,0,0,0,0,0,0,0,0,0,0,0,0,0,0,0,0,0,0,0,0,0,0,0,0,0,0,0,0,0,0,0,0,0,0,0,0,0,0,0,0,9712,0,0,0,0,0,0,0,0,0,0,0,0,0,0,0,0,0,0,0,0,0,0,0,0,0,1673,0,0,0,0,0,0,0,0,0,0,0,0,0,0,0,0,0,0,0,0,0,0,0,0,0,0,5550,2095,1074,812,0,0,0,0,0,0,0,0,0,0,0
BD,96893,4824399,96557,922,216511,11071057,3775,450080,6717420,153798,352394,486712,30590,2332,225928,37907,46686,479718,0,49194,6141,34197,798583,97613,0,205763,2682527,147157,1492855,1345,0,0,0,151768,0,3667,0,1595,4021,328398,90269,26927,0,0,754,1063004,793,92355,0,12825,1302,1151127,0,3667,4154,649745,422,458122,1136858,1742456,0,741290,0,84908,39187,0,0,0,0,0,49220,310,2966648,0,80974,23315,0,0,35718,978,0,0,0,0,0,0,25004,0,0,0,0,0,81443,0,0,0,208000,11541,0,0,0,0,35326,0,73781,0,0,0,0,0,0,616,0,4771,0,0,0,0,0,0,0,0,31891,0,86486,0,0,0,0,0,0,0,0,0,0,0,0,0,0,3892,0,0,8025,0,0,0,2629,0,86421,10520,0,0,0,0,0,14963,0,0,0,4866,1534,9542,0,0,6611,0,0,0,0,0,0,0,0,0,0,0,0,0,216447,7994,0,0,0,0,306,18122,0,0,0,0,0,0,0,0,0,0,0,0,0,0,0,0,0,0,0,0,0,0,0,0,0,0,0,0,0,0,0,0,0,0,0,0,0,0,0,0,0,0,0,0,0,0,0,0,0,0,0,0,0,0,0,0,0,0,382454,0,0,0,0,0,0,0,0,0,0,0,0,0,0,7249,0,0,0,0,0,0,0,0,0,0,0,0,0,0,0,0,0,0,0,0,0,0,0,0,0,0,0,0
BD,31981,2939286,6883821,3844685,339314,2185079,6059381,20017,193931,17120,36729,50136,258232,0,499988,95738,257413,262356,0,177375,57733,185463,110431,16377,0,139865,27716,4577,0,0,0,0,166481,3457,119635,10167,0,0,0,0,1759,2399,0,0,446,20763,23764,868,3023,0,30713,105946,0,1599,179210,1173,0,964819,311746,627470,0,69179,0,0,177702,624,0,343,10045,0,43838,0,339268,0,1426616,54915,4840,0,0,0,0,0,0,3084,0,1260,37068,0,7387,0,3450,0,424911,0,0,5837,0,151848,0,9093,0,0,0,0,8998,0,0,605,0,0,0,0,1177,6713,0,0,0,0,0,0,0,0,1005,1847,0,0,0,0,0,0,0,0,0,0,0,0,0,0,0,0,0,0,0,0,0,0,1851,0,0,0,0,7990226,0,522,0,0,0,0,7669,0,0,0,0,0,0,0,0,0,0,0,0,0,0,0,0,0,0,0,0,0,0,0,0,0,0,0,0,0,0,0,0,0,0,0,0,0,0,0,0,0,14968,0,0,0,0,0,0,0,0,0,0,0,0,0,0,0,0,0,0,0,0,0,0,0,0,137,0,0,0,0,0,0,0,0,0,0,0,0,0,0,0,0,0,0,0,0,0,0,0,0,0,0,0,0,0,0,0,0,0,0,0,0,0,0,0,0,0,0,0,0,0,0,0,0,0,0,0,0,0,0,0,0,0,0,0,0,0,0
BD,58117,640779,12614051,0,267638,1663774,129204,64941,123917,60434,464567,960453,166283,0,62597,946541,111824,9718,23629,29998,44273,7386,429285,2625,0,4077,45569,17759,86505,4771,0,0,804,18868,0,6561,0,0,0,212448,1174,22218,727,11262,6173,111329,0,0,29280,0,32189,482769,0,0,22749,0,20292,151128,26902,49068,0,0,5174,0,3896,0,0,0,0,0,13135,0,97354,0,203307,15173,0,0,0,0,0,232,0,2112,6916,0,8789,0,2127,0,0,0,51357,0,0,0,0,1342,0,6549,0,0,0,0,79479,0,0,0,581,0,0,0,0,0,0,0,0,0,10736,0,0,0,905,0,0,0,0,0,0,0,0,0,0,0,0,410,0,0,0,0,0,0,0,0,0,0,0,0,0,6289,0,9789026,0,0,0,1754,0,0,0,3915,1580,0,0,0,0,0,0,0,0,0,0,0,0,0,0,0,0,0,0,0,0,0,0,0,0,0,0,0,0,0,0,0,0,0,0,0,0,0,0,0,0,0,0,0,0,0,0,0,0,0,0,0,0,0,0,0,0,0,0,0,0,0,0,0,0,0,0,0,0,0,0,0,0,0,0,0,0,0,0,0,0,0,0,0,0,0,0,0,0,0,0,0,0,0,0,0,0,0,0,0,0,0,0,0,0,0,0,0,0,0,0,0,0,0,0,0,0,0,0,0,0,0,0,0,0,0,0,0
BD,16799,587992,13763,1748,1741425,2996400,5657,837,1504446,1050582,8062,5781,31196,0,120224,6069,984,1736,0,28320,0,31536,863439,282559,0,288657,118388,3384,1052992,312161,0,12064,0,4432,0,7395,0,0,0,0,397551,6798,9867,5716,0,828448,2619,375524,1463,0,0,3447400,0,0,29854,643581,247,85912,11660,13640,0,0,0,0,0,0,0,26602,9976,0,1671,1030,731525,0,0,1214022,0,0,35429,0,0,0,0,88364,8034,8675,47586,0,20682,0,0,0,18841,0,0,0,0,15602,0,0,0,0,0,0,239974,0,0,10416,89618,0,0,4256,5668,0,18375,0,0,2274,21486,0,0,0,8703,0,162809,0,17160,25395,0,0,19815,0,0,0,0,0,0,0,0,2500677,0,0,0,0,0,0,19145,8920,0,11008,0,0,0,89646,0,8729,0,0,0,0,0,0,0,0,3595,9090,0,0,0,52749,0,0,0,0,0,0,0,0,0,0,0,0,0,0,0,3366,0,0,0,0,0,0,0,0,0,0,0,1519,0,0,0,0,0,0,0,0,0,0,0,0,1692235,0,0,0,0,0,0,0,0,0,0,0,0,0,0,0,0,0,0,0,6942,0,34466,0,0,0,3324,0,0,0,0,0,0,0,0,0,0,0,0,0,0,0,0,0,0,0,0,0,0,9610,0,0,0,0,0,0,0,0,0,0,0,0,0,0,0,0,0,4908,2696,0,0,0,0,0,0,0,0,0
BD,13543663,9601001,25347,9321509,390343,5123230,486149,12175,1359,900962,70894,223002,7446783,8848,0,929408,0,34911,1754,585622,0,0,782621,679768,0,289444,685256,0,58866,270476,0,2215,609,0,213959,147818,0,0,0,145950,19136,0,27797,1964715,0,0,0,991,57440,1198,0,2713609,3179,0,306063,742543,0,2423134,27027,431593,2131882,0,0,0,716607,34704,0,153186,5040,0,248195,11499,538074,0,3059,288494,32756,0,0,0,870,0,0,59602,6881,0,57199,1078,15615,0,0,124800,0,0,0,0,925647,576,37127,50219,0,0,0,0,0,0,0,3213,0,0,0,107,7597,85016,0,0,0,75171,0,0,0,0,9752,0,830,11258,0,0,0,10167,62862,3065,0,0,0,0,0,0,0,0,0,0,3146,5301,0,341,3347,0,4986,0,5395,7014,0,0,3360,0,0,274077,63170,589,1647,0,0,0,0,1232,0,0,0,1493,656,0,569,6847,0,0,0,0,0,0,0,55981,0,0,0,0,0,0,0,0,30554,0,0,0,0,0,0,0,0,0,0,0,0,0,0,0,0,0,0,0,0,0,0,0,0,0,0,0,0,0,0,0,0,0,0,0,0,0,0,0,0,0,0,0,0,0,0,0,0,0,0,0,0,0,0,0,0,0,0,0,0,0,0,0,0,3119,0,0,0,0,0,0,0,0,0,7061,0,0,0,0,0,0,0,0,0,0,0,0,0,23901,5381,3347,3260,582,254,161,0,0
BD,91114,4407206,5751241,0,1289954,1601867,18619,2744,158205,2234499,238696,568143,10134,0,1536642,10451,5618,42743,0,244106,0,287074,104502,429081,0,444850,473225,110391,65602,45328,0,0,0,233627,0,1846,0,0,18030,10672,5910,33620,2360,0,0,433,32186,10359,12215,0,0,6255807,20285,0,63136,16847,5766,358632,479,2485625,566980,0,0,0,29978,7379,0,25772,5424,0,306013,0,68751,0,2649,410684,135578,0,34374,2018,0,0,0,30510,7548,0,1796,0,0,1106,0,0,180723,0,0,0,0,3062245,0,0,0,8249,0,0,0,0,0,0,6766,0,0,4403,2744,9915,0,0,0,0,0,0,0,0,0,0,14441,0,0,0,0,0,0,0,0,0,0,0,0,0,0,0,0,0,6953,0,0,0,0,0,28773,0,0,2529,5474,0,0,0,0,0,0,0,0,0,0,0,553,0,0,0,0,0,0,0,0,0,0,0,0,0,88859,0,0,0,0,0,0,0,0,0,0,0,0,0,0,0,0,0,0,0,0,0,0,0,0,5262,0,0,0,0,0,0,0,0,0,0,0,0,0,0,0,0,0,0,0,0,0,0,0,47586,0,0,0,0,0,0,0,0,0,0,0,0,0,761,0,0,0,0,0,0,0,0,0,0,0,0,0,0,0,0,0,0,0,0,0,0,0,0,0,0,0,0,0,0,0,0,0,0,0,0,0,0,0,0,0,0,0,0,365138,4709
BD,16479,5118642,10400,1818,2843125,4200601,2201,0,1160077,733385,92917,208698,2299291,24949,661763,1900513,0,74785,0,317486,0,145172,145090,760774,0,409328,311484,341507,9146,74071,0,5535,316,641396,30937,51439,0,6274,0,115699,24604,11425,0,0,0,84577,9909,6774,0,0,0,1551794,787,2561,9851,922377,1176,4958726,1302421,935575,308418,289052,0,218378,14905,47979,0,25708,0,0,782652,0,4141930,0,1477,2425,53782,0,21553,0,0,0,0,3528,0,0,445893,330,5263,0,0,0,8736124,0,0,0,27637,5841,19842,0,0,0,904,0,21523,0,0,0,0,0,0,5224,0,24196,54477,0,0,0,0,0,0,4019,0,0,0,0,0,0,0,0,0,0,0,0,0,0,0,0,0,3144,0,0,0,0,0,0,0,0,6225,10079,0,0,0,3246,0,12334,0,215647,6551,0,0,2367,0,0,0,0,0,0,0,0,0,0,0,0,0,0,0,0,17155,0,0,0,0,0,0,0,0,0,0,0,0,0,0,0,0,0,0,0,398,0,0,0,0,0,0,0,0,0,0,0,0,0,0,0,0,0,0,0,0,0,0,0,0,0,0,0,0,0,0,0,0,0,0,0,0,0,0,0,0,0,0,0,0,0,516916,0,0,0,0,0,0,0,0,0,0,0,0,0,0,0,0,0,0,0,0,0,0,0,0,0,1550,0,0,0,0,0,0,0,0,0,0,0,0,0,0,0,0,0
